"","variable","median","rhat","ess_bulk"
"1","mu_pr[1]",-0.55947113,1.01375679418752,308.92686494083
"2","mu_pr[2]",-1.4808392,1.01288507807031,340.529530513681
"3","mu_pr[3]",-0.529623965,1.00119494849648,1018.87725968216
"4","sigma[1]",0.623507245,1.01198553095656,419.45561391776
"5","sigma[2]",0.38845992,1.00486828969572,619.526369490996
"6","sigma[3]",0.912977175,1.00102843439693,1159.32004299491
"7","tau_pr[1]",0.151397475,1.00091558905737,6612.78204723383
"8","tau_pr[2]",-0.281328055,1.00138275641059,7350.82291435313
"9","tau_pr[3]",-0.0825814555,1.00063338507914,10945.3651115595
"10","tau_pr[4]",1.53675635,1.00257664977781,2475.35527881176
"11","tau_pr[5]",1.3877554,1.0017088528755,2122.82267239802
"12","tau_pr[6]",0.590547765,1.00193308774379,3936.49555481207
"13","tau_pr[7]",-0.299572925,1.00008379534368,7932.26466627175
"14","tau_pr[8]",0.0726662405,1.00090178266919,8192.16812419256
"15","tau_pr[9]",-0.11258982,1.00099558163508,10116.6920324808
"16","tau_pr[10]",-0.0970608925,1.00057043092203,9475.40473118035
"17","tau_pr[11]",-0.293230245,1.0005743151767,10242.2077158893
"18","tau_pr[12]",0.0426259235,0.999924589391464,10907.3309575356
"19","tau_pr[13]",-0.11315113,1.00035357881003,6597.59076751309
"20","tau_pr[14]",-0.0248090825,1.00141414855151,9359.09020268983
"21","tau_pr[15]",-0.557125745,1.00047178681444,6710.21997659486
"22","tau_pr[16]",0.163009935,1.00030727916235,12004.4323970455
"23","tau_pr[17]",-0.412325195,1.00022041220966,4828.08408023997
"24","tau_pr[18]",-0.49365926,1.0007122588882,7361.43210425118
"25","tau_pr[19]",-0.36456788,1.00020882072535,8910.87457814679
"26","tau_pr[20]",-0.24335352,1.00036816690622,10314.9343772068
"27","tau_pr[21]",-0.245650255,1.00134647096907,3780.14557587625
"28","tau_pr[22]",-0.330617145,1.00014748942488,8476.98993950769
"29","tau_pr[23]",-0.38327519,1.00076406682855,9942.35698205226
"30","tau_pr[24]",-0.516482485,1.00042227537316,4173.53703814171
"31","tau_pr[25]",-0.198269225,1.0004974147204,4767.29048573868
"32","tau_pr[26]",-0.432531845,1.00000814664027,6228.92140671329
"33","tau_pr[27]",-0.55893335,1.00144053581578,2968.69032445466
"34","tau_pr[28]",0.3996248,1.0014482626963,3432.40092824554
"35","tau_pr[29]",-0.29968344,0.999888732092645,10479.5271780447
"36","tau_pr[30]",0.2121599,1.00208542862226,2387.69649335355
"37","tau_pr[31]",-0.62627758,1.00130161654839,3035.56049060824
"38","tau_pr[32]",0.02014478,0.999897667388665,10110.0942892432
"39","tau_pr[33]",-0.474262425,1.00092671837847,5526.25410609576
"40","tau_pr[34]",1.1039591,1.001454289172,2000.64581492226
"41","tau_pr[35]",-0.705473565,1.00098010608654,2294.40677989213
"42","tau_pr[36]",-0.346844635,1.0005426157444,9007.45703005068
"43","tau_pr[37]",-0.440329495,1.00062908584823,8846.87721379903
"44","tau_pr[38]",0.31705169,1.00041146407631,3495.36392953142
"45","tau_pr[39]",1.08931145,1.00120964370112,2116.8919536716
"46","tau_pr[40]",-0.402625375,1.00010187101159,7145.45686806477
"47","tau_pr[41]",-0.405690185,1.00067950506989,9296.80157096566
"48","tau_pr[42]",-0.29407515,1.00032134505249,7633.2024917299
"49","tau_pr[43]",-0.11597915,1.00182167121793,7884.72287448448
"50","tau_pr[44]",-0.63316769,1.00107840353825,4263.72656152909
"51","tau_pr[45]",-0.519042,1.00210864483578,6182.48078642101
"52","tau_pr[46]",-0.655887525,1.00105646762139,2913.25787148043
"53","tau_pr[47]",-0.39422701,1.00180801903354,9550.79493154435
"54","tau_pr[48]",-0.528400585,1.00082083874755,3242.0737983372
"55","tau_pr[49]",-0.56609595,1.00028406124536,5488.98879600392
"56","tau_pr[50]",0.24923426,1.00038615283043,4071.35804159822
"57","tau_pr[51]",0.624814025,1.00230227319744,1602.377571364
"58","tau_pr[52]",-0.123547335,1.00026503190765,9544.56337892741
"59","tau_pr[53]",-0.077452291,1.0002068343891,9452.33837514004
"60","tau_pr[54]",0.631614655,1.00151616850503,2370.16146462289
"61","tau_pr[55]",-0.62926172,1.00037349349142,5813.81522420601
"62","tau_pr[56]",-0.013608026,1.00044809224395,10318.0196013377
"63","tau_pr[57]",-0.41610005,1.00174640273413,7613.51978408184
"64","tau_pr[58]",0.17270276,1.00061550120842,5758.16771621022
"65","tau_pr[59]",0.55833939,1.00114396696138,2213.32489269617
"66","tau_pr[60]",-0.192021345,1.00045434839244,8739.83388833111
"67","tau_pr[61]",0.885647915,1.00075587573223,4471.51030142242
"68","tau_pr[62]",0.359451215,1.0008372703414,2685.34268908327
"69","tau_pr[63]",0.17669398,1.00016541316518,5459.60820543474
"70","tau_pr[64]",0.00419124385,1.00174594013317,2890.39188873892
"71","tau_pr[65]",-0.31826195,1.00060916724929,9834.2860472368
"72","tau_pr[66]",-0.253214305,1.0002010549946,9375.46741875025
"73","tau_pr[67]",-0.093771495,1.00025937181099,2992.1468825252
"74","tau_pr[68]",0.261741915,1.0006458909697,4489.06138458252
"75","tau_pr[69]",0.639822575,1.00089012291632,3681.72460957977
"76","tau_pr[70]",0.153109245,1.00148400979921,2026.65093161557
"77","tau_pr[71]",0.991360645,1.00225196767196,1900.38101156277
"78","tau_pr[72]",-0.14873362,1.00055464088571,9455.82073930201
"79","tau_pr[73]",-0.201888725,0.999935734236457,9774.55332990792
"80","tau_pr[74]",-0.39837071,1.0022397680649,8488.3957775136
"81","tau_pr[75]",0.646654715,1.00240591041281,1537.90602359418
"82","tau_pr[76]",-0.31429648,1.00045415000325,10502.8421123654
"83","tau_pr[77]",-0.22581976,1.00103220117286,2629.97266230933
"84","tau_pr[78]",-0.348245025,1.00131806328333,2119.09755765689
"85","tau_pr[79]",-0.503724665,1.00122030751896,5881.96939676314
"86","tau_pr[80]",-0.206198995,1.00131131685977,10859.0985499953
"87","tau_pr[81]",-0.53472954,1.00078526320852,4705.30943368475
"88","tau_pr[82]",-0.241589255,1.0017205373855,10329.8867022098
"89","tau_pr[83]",0.250515835,1.00013219930757,8541.58675616113
"90","tau_pr[84]",0.02288889,1.00129463256193,7158.70877109951
"91","tau_pr[85]",0.172155745,1.00064022112927,3996.39188141636
"92","tau_pr[86]",-0.432184985,1.00247704081699,6964.66643586021
"93","tau_pr[87]",-0.367590965,1.00131038209906,8256.43538764862
"94","tau_pr[88]",-0.08642296,1.00155514544172,10380.1932139385
"95","tau_pr[89]",-0.20783589,1.00086276407734,9481.85222700191
"96","tau_pr[90]",-0.0226094475,1.00127256890915,8659.25476922564
"97","tau_pr[91]",-0.50541193,1.0002994356859,4368.73856764978
"98","tau_pr[92]",-0.570175125,1.00058972697835,4323.33729458823
"99","tau_pr[93]",-0.43407257,1.00087712490414,8357.41026662878
"100","tau_pr[94]",0.595592625,1.00154044479555,3442.143542799
"101","tau_pr[95]",1.8495322,1.00204816447071,2082.77725213494
"102","tau_pr[96]",0.0698208345,0.999856652896445,10476.4927878494
"103","tau_pr[97]",0.200283175,1.00161847040022,5109.22377742693
"104","tau_pr[98]",1.61635645,1.00298116977253,1814.96104082685
"105","tau_pr[99]",-0.504383705,1.00079271898019,3893.16946841273
"106","tau_pr[100]",-0.112540875,1.00016466957523,8777.20646455006
"107","tau_pr[101]",0.629963365,1.00081002621581,4372.78611247815
"108","tau_pr[102]",-0.29717205,1.00096468224405,9262.39670302173
"109","tau_pr[103]",0.92887253,1.00173423268526,2633.04772112357
"110","tau_pr[104]",-0.11360564,0.999862914881645,10260.006903111
"111","tau_pr[105]",0.212806635,1.00190956411367,4863.70081586815
"112","tau_pr[106]",-0.62493063,1.00091008462088,2957.19788466501
"113","tau_pr[107]",-0.24901493,1.00214207773068,9936.29457350808
"114","tau_pr[108]",0.620819045,1.00093913668132,3308.64203006151
"115","tau_pr[109]",0.73202002,1.00061893000693,3311.45192144078
"116","tau_pr[110]",-0.0266473995,1.00111819902922,10858.7807102187
"117","tau_pr[111]",-0.230556725,1.00041118112162,9854.26745544807
"118","tau_pr[112]",0.145221415,1.00034145317352,13249.4514613729
"119","tau_pr[113]",0.87083963,1.00124474861088,1934.45626545503
"120","tau_pr[114]",0.32154699,1.00109904338149,5274.25084949655
"121","tau_pr[115]",-0.217563515,1.00059618279816,9245.24694463922
"122","tau_pr[116]",-0.259291645,0.999803941066134,10991.3981475837
"123","tau_pr[117]",-0.22833675,1.00086539662489,9558.90913323628
"124","tau_pr[118]",-0.431545245,1.00133478444672,6385.22046977884
"125","tau_pr[119]",-0.23948541,1.00056710666349,10376.3183829897
"126","tau_pr[120]",0.696063275,1.00196388796793,2811.65236098112
"127","tau_pr[121]",-0.828266275,1.00189682979761,1692.42152523046
"128","tau_pr[122]",-0.580183845,1.00046214672056,4536.12014353197
"129","tau_pr[123]",-0.456254855,1.00022728910406,8070.56881757001
"130","tau_pr[124]",0.77321338,1.00091754083922,3046.27447592784
"131","tau_pr[125]",-0.0614660515,1.00137926942847,7754.32162879073
"132","tau_pr[126]",-0.548621305,1.00103902789666,4042.29454319412
"133","tau_pr[127]",0.94426854,1.00200736724031,1985.42359419342
"134","tau_pr[128]",-0.432741515,1.000047894728,6134.08286928913
"135","tau_pr[129]",0.0666019955,0.999966386629936,9916.37474842326
"136","tau_pr[130]",-0.319066875,1.00131784504097,9344.10921090819
"137","tau_pr[131]",-0.434321115,1.00013789116501,8148.85111553864
"138","tau_pr[132]",0.201783675,1.00266942301932,6911.02142264253
"139","tau_pr[133]",-0.219091995,1.00034552697946,10554.7455608807
"140","tau_pr[134]",-0.423116385,1.000322112135,6072.94067072043
"141","tau_pr[135]",-0.19334961,1.00053295132581,10103.946841718
"142","tau_pr[136]",0.203610165,1.00071591849482,3976.2659228713
"143","tau_pr[137]",-0.20519975,1.00005590702233,9866.64339608591
"144","tau_pr[138]",-0.7233052,1.00087690221815,2302.53044703674
"145","tau_pr[139]",-0.41745033,1.00026438271568,8390.50279740326
"146","tau_pr[140]",-0.60884076,1.0026108524983,3755.04354497851
"147","tau_pr[141]",0.249814435,1.00180044760411,3785.59930634757
"148","tau_pr[142]",-0.653657075,1.00121206267329,4005.63979183682
"149","tau_pr[143]",0.771955995,1.00149086001775,2409.44742300103
"150","tau_pr[144]",0.24127521,1.00091511428137,3542.7748308744
"151","tau_pr[145]",-0.4749132,1.00062575588803,5092.50670292985
"152","tau_pr[146]",0.892008155,1.00074444830929,2303.43021438345
"153","tau_pr[147]",-0.076690243,1.00104691626198,6613.55665833271
"154","tau_pr[148]",0.0596545095,1.0015450297382,8155.53403820499
"155","tau_pr[149]",0.959506025,1.00290019935366,1481.164109468
"156","tau_pr[150]",-0.302084765,1.00212062836568,7511.70718797938
"157","tau_pr[151]",0.27846743,1.00034147987421,5096.0675072917
"158","tau_pr[152]",0.2421436,1.00312178946917,1794.62562092221
"159","tau_pr[153]",0.40656917,1.00144494233028,4019.8510832945
"160","tau_pr[154]",-0.235326125,1.00021250117855,9495.04698736019
"161","tau_pr[155]",-0.38779762,1.00018744304401,10003.4102341127
"162","tau_pr[156]",-0.21811572,1.0000344740075,16672.3971618297
"163","tau_pr[157]",0.386966365,1.00064432867821,7005.35752683961
"164","tau_pr[158]",-0.31878098,1.00001106588065,9655.79209103621
"165","tau_pr[159]",1.57755965,1.00314029256421,2354.91895178992
"166","tau_pr[160]",-0.1773377,1.00004843908998,9607.80814337526
"167","tau_pr[161]",0.350044785,1.00033897611339,8479.44193739998
"168","tau_pr[162]",-0.338343815,1.00028778269433,8785.14545829345
"169","tau_pr[163]",-0.285779175,1.00013948178086,7868.72588118725
"170","tau_pr[164]",-0.171403305,1.00111768633403,9717.06836612276
"171","tau_pr[165]",-0.20471258,1.0002665868918,9553.35884732914
"172","tau_pr[166]",-0.453491925,1.00053369040296,8062.29281143674
"173","tau_pr[167]",-0.360203145,1.00049608989025,10752.7922669619
"174","tau_pr[168]",-0.64422661,1.00045243706296,4519.61568357815
"175","tau_pr[169]",0.408356675,1.00036962614098,6648.0805977722
"176","tau_pr[170]",-0.26449027,1.0006671377719,9959.15509454094
"177","tau_pr[171]",1.54977065,1.00215102476731,2313.17179659219
"178","tau_pr[172]",-0.380801855,1.00124359201073,6336.26178905494
"179","tau_pr[173]",-0.79105037,1.00091312377162,1909.88152218606
"180","tau_pr[174]",0.578693455,1.00184200800553,2323.97236659955
"181","tau_pr[175]",-0.52116156,1.00080620692982,5841.67847125081
"182","tau_pr[176]",-0.288811905,1.00228415379142,10182.9803138144
"183","tau_pr[177]",0.35535447,1.00030086928629,8253.5382257521
"184","tau_pr[178]",-0.26265961,1.00078514637862,9660.28423674407
"185","tau_pr[179]",0.011160668,1.00044885091563,10045.5720898667
"186","tau_pr[180]",-0.5249001,1.0005617130323,4473.13471886815
"187","tau_pr[181]",0.0754262975,0.999647603805851,9351.62815288725
"188","m_pr[1]",0.438996815,1.00186783610237,2634.63250538056
"189","m_pr[2]",-1.0977935,1.0009108790408,7795.44686837813
"190","m_pr[3]",0.0344823775,1.0001278355071,8715.35587873014
"191","m_pr[4]",1.5745834,1.00413813726464,1007.10259253673
"192","m_pr[5]",2.34305155,1.00219012727489,1662.25100420377
"193","m_pr[6]",0.209455855,1.00323738056254,1017.75460641973
"194","m_pr[7]",-0.913623495,1.00001244719099,7910.91169384482
"195","m_pr[8]",-0.238797155,1.00119902561628,3219.68123582551
"196","m_pr[9]",-0.070965248,1.00051688984332,8618.52624123728
"197","m_pr[10]",0.14416423,1.0020888086241,7182.82760855216
"198","m_pr[11]",-0.591751845,0.999947745006738,8323.05830678212
"199","m_pr[12]",0.0043111134,1.00092727157734,10080.9508968911
"200","m_pr[13]",0.2998312,1.0006337945112,8782.6723612918
"201","m_pr[14]",0.059940214,1.00039975090431,8794.19625855359
"202","m_pr[15]",-1.43637165,1.00125484273889,5318.7409264994
"203","m_pr[16]",0.132314475,1.00024332653606,8915.25667004648
"204","m_pr[17]",-1.49932375,1.00146858975128,5890.47455339129
"205","m_pr[18]",-1.2215783,1.00060566539016,5289.28405833114
"206","m_pr[19]",-0.741927445,1.00122067570425,6780.32852305597
"207","m_pr[20]",-0.37301899,1.00102550766883,6397.52760619588
"208","m_pr[21]",1.5426539,1.00119624059749,5690.45007164722
"209","m_pr[22]",-0.918107545,1.00149436161001,6423.77619401741
"210","m_pr[23]",-0.8379196,1.00117868015671,6681.47169961228
"211","m_pr[24]",-1.6592791,1.00096187000727,4238.2217171563
"212","m_pr[25]",0.78427505,1.00044737829659,7395.70418105407
"213","m_pr[26]",-1.1939805,1.00026918532181,7004.79152128214
"214","m_pr[27]",-1.7644785,1.0005131241201,4056.33945671962
"215","m_pr[28]",0.18717552,1.00185258723405,2030.47349721724
"216","m_pr[29]",-0.45301476,1.00113471114921,7248.31607052093
"217","m_pr[30]",1.11618405,1.00101786950195,3610.45050692051
"218","m_pr[31]",-1.82101015,1.00109735274459,3576.77904872671
"219","m_pr[32]",0.38174531,1.00031492180197,9822.60545384747
"220","m_pr[33]",-1.44410125,1.00184805828306,4425.74284806247
"221","m_pr[34]",1.6945081,1.00098454951702,2750.39567051552
"222","m_pr[35]",-2.13802335,1.00216767104763,2888.59252611005
"223","m_pr[36]",-0.853037125,1.00043182113531,7417.11230168992
"224","m_pr[37]",-0.98950564,1.00075622872501,6818.24949312152
"225","m_pr[38]",1.91735625,1.00047244962142,5446.85266883957
"226","m_pr[39]",1.955396,1.00091729346527,1903.02856933218
"227","m_pr[40]",-0.99299988,1.00036963775557,5301.74440229219
"228","m_pr[41]",-0.857498265,1.00056396051983,5045.9430551932
"229","m_pr[42]",-0.0394101125,1.000468497061,6504.59694471889
"230","m_pr[43]",-0.096650213,1.00106942148496,7602.53435573199
"231","m_pr[44]",-1.5778054,1.00028473604657,2876.87365148144
"232","m_pr[45]",-1.3672562,1.00026039908417,4315.45981425312
"233","m_pr[46]",-2.0610455,1.00082765778596,2726.88953482823
"234","m_pr[47]",-0.780232685,1.00070030811008,6444.11920931862
"235","m_pr[48]",-1.535328,1.0017413169078,2992.20115755985
"236","m_pr[49]",-1.5501669,1.00053249090578,4807.84976848045
"237","m_pr[50]",0.99370991,0.999947907443847,7029.7870908958
"238","m_pr[51]",1.17086085,1.00172844946281,1892.07824873489
"239","m_pr[52]",-0.26481947,1.00078224761416,7359.21136995576
"240","m_pr[53]",-0.107235755,1.00116515542143,6987.01730064427
"241","m_pr[54]",1.2310321,1.00080187749907,2497.45774643855
"242","m_pr[55]",-1.31257755,1.00077498670146,2653.54982133163
"243","m_pr[56]",-0.0492726355,1.00166390073498,6531.00291985176
"244","m_pr[57]",-0.982794025,1.00066772622717,6872.9679253789
"245","m_pr[58]",0.58075383,1.00063795122834,6194.52644913156
"246","m_pr[59]",1.17730825,1.00143560470833,2084.09973470133
"247","m_pr[60]",-0.56686568,1.0012181527408,7267.44654071555
"248","m_pr[61]",1.01728245,1.00197441220238,2312.41515928989
"249","m_pr[62]",1.7274283,1.00018970273027,4885.65186801259
"250","m_pr[63]",0.933869,1.0014127945074,7228.22482145124
"251","m_pr[64]",1.20158445,1.00025966299646,5942.54784880378
"252","m_pr[65]",-0.77616702,1.00040365729092,6839.37813348768
"253","m_pr[66]",-0.809518165,1.00012079192838,8295.43590486938
"254","m_pr[67]",0.81880656,1.00054709584927,6454.8660560099
"255","m_pr[68]",0.6449748,0.999983085495373,4982.73051156376
"256","m_pr[69]",1.5456345,1.00049689632435,2611.81572719819
"257","m_pr[70]",1.4357595,1.0003618136854,4678.44455510152
"258","m_pr[71]",1.24790075,1.00379597852232,1430.48527113206
"259","m_pr[72]",-0.0745686015,1.00127677833279,7225.94608801034
"260","m_pr[73]",-0.40188309,1.0005622393321,7343.00052120436
"261","m_pr[74]",-0.68149875,1.0012227044429,5365.62204190852
"262","m_pr[75]",1.6605877,1.00069929647664,2749.56852996952
"263","m_pr[76]",-0.70918341,1.00023259853312,6755.9474025301
"264","m_pr[77]",1.4682185,1.00021246577911,5644.51113223286
"265","m_pr[78]",2.53915265,1.00119967622616,2173.71168027203
"266","m_pr[79]",-1.31663025,1.0006663641029,4825.50231143565
"267","m_pr[80]",-0.39894983,1.00089661874837,7250.21963430629
"268","m_pr[81]",-1.30204335,1.00055956419799,3913.13809853503
"269","m_pr[82]",-0.32345506,1.00058119733485,7730.98459994374
"270","m_pr[83]",1.23944805,1.00062442155108,6764.44169562075
"271","m_pr[84]",0.385501555,1.00088386374158,7436.13706946696
"272","m_pr[85]",0.58383693,1.00128585252213,4883.33213615394
"273","m_pr[86]",-0.88998852,1.00007189135395,5686.38604482801
"274","m_pr[87]",-0.90977125,1.00025382949257,6904.16138818388
"275","m_pr[88]",0.00563914525,1.00038577973773,8155.29518619056
"276","m_pr[89]",-0.907192615,1.00064230811859,7407.65387075112
"277","m_pr[90]",0.620926285,0.999733197075282,8172.0032252863
"278","m_pr[91]",-1.7048008,1.0003896509981,5321.27323216458
"279","m_pr[92]",-1.66368195,1.00068271697813,3116.85189389123
"280","m_pr[93]",-0.985404885,1.00105200915499,6343.50867776868
"281","m_pr[94]",0.980783235,1.00127338323791,2934.14669927797
"282","m_pr[95]",2.6817497,1.00261473489466,1562.5639277024
"283","m_pr[96]",0.22545158,1.00048414358593,9257.37399676613
"284","m_pr[97]",0.317698515,1.00081443469457,2428.72233973295
"285","m_pr[98]",2.62139195,1.00261919682009,1825.68459962494
"286","m_pr[99]",-1.63044615,1.00104083695698,4919.19648895764
"287","m_pr[100]",-0.0077532547,1.0008715204862,7456.2510467387
"288","m_pr[101]",1.13715325,1.00075847128837,3068.83138598547
"289","m_pr[102]",-0.72501529,1.00042948585006,7057.9828310076
"290","m_pr[103]",1.8262438,1.00178421334298,2314.68880577506
"291","m_pr[104]",0.11123527,1.00038293285665,8741.5386083655
"292","m_pr[105]",0.71587327,1.00028905063035,3325.31094090458
"293","m_pr[106]",-1.8377098,1.00351032820732,2705.90044160073
"294","m_pr[107]",-0.585483395,1.00061898931523,8388.88545787518
"295","m_pr[108]",1.2843155,1.00185146049509,2341.22119959849
"296","m_pr[109]",1.9583422,1.0011821686465,2988.33974112421
"297","m_pr[110]",-0.31334106,1.00062855238134,6497.51457062942
"298","m_pr[111]",-0.173881305,1.00064028531591,6270.30761081719
"299","m_pr[112]",0.53250602,1.00037950096407,14405.0616350331
"300","m_pr[113]",1.9313225,1.00131163778802,2091.04119010018
"301","m_pr[114]",0.57434123,1.00220723178218,4490.29434788977
"302","m_pr[115]",-0.610205935,1.00051149813782,5165.2826097891
"303","m_pr[116]",-0.695750505,1.00041658220742,7370.16521997137
"304","m_pr[117]",-0.0448409285,1.00051790880591,7684.46371546272
"305","m_pr[118]",-1.15095525,1.00072713599528,6248.26548789737
"306","m_pr[119]",-0.530103545,1.00071564908492,7288.43362560435
"307","m_pr[120]",0.977046725,1.00172171009915,1617.59012767498
"308","m_pr[121]",-2.59230495,1.00201162575006,1684.12634854189
"309","m_pr[122]",-1.60873845,1.00040310838295,3243.18738158889
"310","m_pr[123]",-1.26540065,1.00107142506326,6220.23594062867
"311","m_pr[124]",1.2579051,1.00203911076058,2257.74599953272
"312","m_pr[125]",0.103454225,1.00026998403056,8239.56318293206
"313","m_pr[126]",-1.70987745,1.0010500503782,4903.89334179512
"314","m_pr[127]",1.6766008,1.00183039363619,2351.90004672326
"315","m_pr[128]",-1.26841185,0.999990857717564,6544.78866692027
"316","m_pr[129]",0.131633225,1.00077360648406,7775.60744785373
"317","m_pr[130]",-0.189061005,1.00063439185834,7162.156834177
"318","m_pr[131]",-1.0924458,1.00085603561679,5627.36015812352
"319","m_pr[132]",0.46546563,1.00075800338819,6581.06808030349
"320","m_pr[133]",-0.0852469855,1.00050995677058,7853.86223876673
"321","m_pr[134]",-1.33332925,1.00079995970825,5532.6710253124
"322","m_pr[135]",-0.31549845,1.00037576634282,7086.92371451838
"323","m_pr[136]",0.454610165,1.0008085306019,4582.57945623044
"324","m_pr[137]",-0.068607896,1.00105748428222,8152.71809938329
"325","m_pr[138]",-2.2082395,1.00149223132183,2479.57127847544
"326","m_pr[139]",-0.81918683,1.00047782724001,5935.40597635363
"327","m_pr[140]",-1.7497615,1.00178446517764,3653.69359004589
"328","m_pr[141]",0.92132856,1.00160196866954,3955.06739700244
"329","m_pr[142]",0.72706755,1.00173377269795,2741.81150609751
"330","m_pr[143]",1.72896065,1.00154983399317,2935.08063291334
"331","m_pr[144]",1.52371065,1.00114501436332,3682.22878341748
"332","m_pr[145]",-1.47464845,1.00107891456679,4570.40648069629
"333","m_pr[146]",1.99164025,1.00104461885098,2506.07406959732
"334","m_pr[147]",0.4704725,1.00127557303388,7904.01954523442
"335","m_pr[148]",0.112353795,1.0009971751163,5484.86179961956
"336","m_pr[149]",2.1626684,1.00199338923467,1985.82623369247
"337","m_pr[150]",-0.179517625,1.0007734652785,7087.6766528116
"338","m_pr[151]",0.341468735,1.00112845884597,3978.2634067045
"339","m_pr[152]",1.55405225,1.00119269265625,3379.55743270504
"340","m_pr[153]",0.603204535,1.00140182841538,2798.97973153509
"341","m_pr[154]",-0.36291986,1.00094750697164,7152.44825169014
"342","m_pr[155]",-1.0105439,1.00168440728515,6908.43206895708
"343","m_pr[156]",-0.49509528,1.00010318703065,11331.7307349365
"344","m_pr[157]",0.732788865,1.00214514730569,2062.69854852633
"345","m_pr[158]",-0.524617775,1.00037274135018,5900.05722075865
"346","m_pr[159]",1.7278748,1.00349097625765,1389.92425320778
"347","m_pr[160]",-0.212956215,1.00211318890599,7471.28763718798
"348","m_pr[161]",0.012965306,1.0019139343159,2293.9396118715
"349","m_pr[162]",-0.548248045,0.999975891949016,7081.98589637355
"350","m_pr[163]",-1.0470859,1.00092986145317,6836.15319658933
"351","m_pr[164]",-0.187308725,1.00101681858877,8620.37948352539
"352","m_pr[165]",-0.598925105,1.00069924223015,7501.11812997513
"353","m_pr[166]",-1.188208,1.00006311069977,4326.15646853611
"354","m_pr[167]",-0.870323305,1.00070405346233,9110.38490980077
"355","m_pr[168]",-1.62265965,1.00172311966213,2964.52518231956
"356","m_pr[169]",0.717036025,1.00085264813783,6100.0082091242
"357","m_pr[170]",-0.2582952,1.00027205055939,7084.81456476518
"358","m_pr[171]",2.73098615,1.00230923982301,2186.9006274598
"359","m_pr[172]",-1.06757215,1.00027834071712,5566.79945963739
"360","m_pr[173]",-2.5255832,1.00232090954949,1878.47992599178
"361","m_pr[174]",1.2052085,1.00292346140842,2104.25339721522
"362","m_pr[175]",-1.4658326,1.00050124958392,4966.21695195591
"363","m_pr[176]",-0.911152065,0.999994699989296,7019.8721868922
"364","m_pr[177]",0.42867449,1.00015625806437,3091.76286190562
"365","m_pr[178]",-0.773837685,1.00127556228538,7267.47597790657
"366","m_pr[179]",0.15915086,1.00033539561954,6451.02535229094
"367","m_pr[180]",-1.5473702,1.00080144367209,3871.11573356491
"368","m_pr[181]",0.268386125,1.0010769993051,8459.45055721312
"369","bias_pr[1]",-1.67358925,1.00047841998959,6657.4823692685
"370","bias_pr[2]",0.60222578,1.00044905151761,6102.72640994505
"371","bias_pr[3]",0.22246268,1.00099391099523,5102.03636713549
"372","bias_pr[4]",-3.07456345,1.00021453589067,2801.29692314053
"373","bias_pr[5]",-1.98463855,1.00054281878213,4494.95943548145
"374","bias_pr[6]",-1.70385085,1.00021891667001,7415.53676009181
"375","bias_pr[7]",0.90036394,1.00058080251739,6818.738272661
"376","bias_pr[8]",-0.606714395,1.00078558644199,6724.1276419763
"377","bias_pr[9]",0.670841,1.00060761618966,6919.7192809622
"378","bias_pr[10]",0.538111655,1.00059142947087,6908.41109796758
"379","bias_pr[11]",0.938136025,0.999786503751858,6727.50832961377
"380","bias_pr[12]",1.3691184,1.00067015494009,2495.53575209294
"381","bias_pr[13]",0.75348047,1.00052372727515,6976.99023456774
"382","bias_pr[14]",0.2480935,1.00021507037923,6942.60670186329
"383","bias_pr[15]",1.73788445,0.999744755118025,2396.08112088886
"384","bias_pr[16]",1.2466064,1.00040909860653,5256.17555430823
"385","bias_pr[17]",0.46998176,1.00124171960947,2963.91528726638
"386","bias_pr[18]",0.567664075,1.00017085650747,3289.63275885671
"387","bias_pr[19]",0.27861628,0.999875132735764,6544.1232042094
"388","bias_pr[20]",0.170706105,1.0014162305659,4059.49563712641
"389","bias_pr[21]",-1.2798406,1.00229044908621,5580.42886122086
"390","bias_pr[22]",0.405857665,1.00016628862758,4709.70679044909
"391","bias_pr[23]",0.27568113,1.00060025476861,3122.36614050983
"392","bias_pr[24]",0.478136675,1.00044495705213,3308.15422253543
"393","bias_pr[25]",-0.501647695,1.00193719976882,9415.64857530384
"394","bias_pr[26]",0.57250907,1.00022200116878,2218.8006891447
"395","bias_pr[27]",0.28296635,1.00052338984027,3832.07736463306
"396","bias_pr[28]",-0.104881615,1.00054736196066,6574.50808197666
"397","bias_pr[29]",-0.305415155,1.00040868041244,7626.70920784263
"398","bias_pr[30]",-1.49797455,1.0002727816634,8017.52819045189
"399","bias_pr[31]",0.14582611,1.0000997117929,2469.26014539588
"400","bias_pr[32]",1.0481902,1.00079898116995,3388.83749747929
"401","bias_pr[33]",0.532923155,1.00024856139158,3577.68826787875
"402","bias_pr[34]",0.70084644,1.0005027714507,10988.1857073689
"403","bias_pr[35]",0.64601315,1.00058542061554,2883.11054111796
"404","bias_pr[36]",0.187982375,1.00087434222959,5890.01660381974
"405","bias_pr[37]",0.5793337,1.00008040394324,6436.56800216406
"406","bias_pr[38]",-0.373129145,1.00078958198332,4971.65136653322
"407","bias_pr[39]",-1.29415255,0.999964559858198,6003.22397282827
"408","bias_pr[40]",0.267531895,1.00019623706289,3874.81620667207
"409","bias_pr[41]",0.938966535,1.0001333706064,3936.47630101714
"410","bias_pr[42]",-0.0667665805,1.00027726718043,6187.92883721263
"411","bias_pr[43]",0.0488551045,1.00024033978076,7068.06747877305
"412","bias_pr[44]",0.34460563,1.00019974966154,4370.64555951023
"413","bias_pr[45]",0.736421565,1.00088407931003,4050.79380370123
"414","bias_pr[46]",0.81251079,1.00031306884369,3462.06588919536
"415","bias_pr[47]",0.29775706,1.0003167746554,6679.34085007794
"416","bias_pr[48]",0.687594975,1.00089256596501,4959.94967323006
"417","bias_pr[49]",0.547202375,1.00012880508873,5586.39487144536
"418","bias_pr[50]",-0.182900055,1.0004561566029,7441.47581585693
"419","bias_pr[51]",-0.71963624,1.00023439302184,6145.69222489303
"420","bias_pr[52]",-0.202067605,1.00060844954232,6110.09212271297
"421","bias_pr[53]",-0.68142784,1.00062767499221,7087.7861008243
"422","bias_pr[54]",-0.00517447745,1.00053468300375,5356.18883657713
"423","bias_pr[55]",0.625338385,1.0010051470213,2664.58746096621
"424","bias_pr[56]",-0.17330013,1.00014571110615,6997.90552216901
"425","bias_pr[57]",-0.0243237635,1.00074138779707,5661.31713253188
"426","bias_pr[58]",0.012317512,1.00016752486452,8581.07248650393
"427","bias_pr[59]",-1.4977746,1.00101398005889,7489.37968468558
"428","bias_pr[60]",1.4921028,0.999990238204886,5905.4758008058
"429","bias_pr[61]",-0.98704584,1.00033108237562,3975.95948754316
"430","bias_pr[62]",0.389134905,1.0004145129702,3189.03921993491
"431","bias_pr[63]",-0.290715945,1.00006430166744,6976.42675084896
"432","bias_pr[64]",-1.11155595,1.0001531719256,7869.70853002161
"433","bias_pr[65]",1.2178677,1.00105074991887,4884.7061773716
"434","bias_pr[66]",0.39655473,1.00005727180342,4516.93996574414
"435","bias_pr[67]",-0.76943759,1.00055074615435,8520.01160536405
"436","bias_pr[68]",0.836149255,1.00081038572582,7289.69573597681
"437","bias_pr[69]",-1.7734715,1.00114589742894,7408.81080853608
"438","bias_pr[70]",-1.4166935,1.00044068396506,7613.5886106704
"439","bias_pr[71]",-1.9656229,1.00097588301704,6167.5888137286
"440","bias_pr[72]",0.056626767,0.999934786340389,7211.65102192979
"441","bias_pr[73]",-0.054434708,0.999960543611123,5688.32908798396
"442","bias_pr[74]",0.725031465,0.999935781404864,6455.99517441514
"443","bias_pr[75]",-0.52914786,1.00112308295452,6954.38666932682
"444","bias_pr[76]",1.0940518,1.00001116472244,6012.45818552344
"445","bias_pr[77]",-1.6616775,1.00034457055429,6887.01136276338
"446","bias_pr[78]",-2.2350772,1.00155837601001,1553.38837594136
"447","bias_pr[79]",0.50818318,0.999933064419293,5347.39009680202
"448","bias_pr[80]",-0.0105899225,1.00056751405342,6189.96020634166
"449","bias_pr[81]",-0.65041471,1.00061132232037,4394.8080547929
"450","bias_pr[82]",0.79801165,1.00001478871851,7189.13198502099
"451","bias_pr[83]",-0.91165855,1.00016969214451,4879.23575045577
"452","bias_pr[84]",-0.32490692,1.00002654173692,6882.35987154542
"453","bias_pr[85]",-0.574367045,0.99993763436324,7617.30431854608
"454","bias_pr[86]",0.547629525,0.999990442969481,5233.4209227171
"455","bias_pr[87]",0.455112335,1.00051523813323,5819.10261149828
"456","bias_pr[88]",0.26021264,0.999694719075277,8457.92082845911
"457","bias_pr[89]",0.93348939,1.00026430879992,3124.47241443723
"458","bias_pr[90]",-0.110041055,1.00071820175282,7089.70763427512
"459","bias_pr[91]",-0.33670706,1.0001021306023,3762.63943633201
"460","bias_pr[92]",0.486835455,1.00088074045796,3137.04979013803
"461","bias_pr[93]",0.32558112,1.0003664647343,6061.17525884784
"462","bias_pr[94]",-0.0115194985,1.00092648594786,8122.56445716168
"463","bias_pr[95]",-0.33144694,1.00149514829491,2498.499787401
"464","bias_pr[96]",0.54104667,1.00033515160732,6570.52753545587
"465","bias_pr[97]",-1.1008139,1.00156728245026,7524.16441783475
"466","bias_pr[98]",-0.0209608795,1.00011368210495,2542.08808889458
"467","bias_pr[99]",1.1792074,1.00030651088039,4031.00046843979
"468","bias_pr[100]",0.356576445,1.00065773846514,7771.0107535678
"469","bias_pr[101]",-0.310593535,1.00001689075577,7509.36529571405
"470","bias_pr[102]",1.0042318,1.00122877145428,4356.69048089296
"471","bias_pr[103]",0.490533945,1.00065152380952,12463.8739087709
"472","bias_pr[104]",0.84728042,1.00004467498494,2766.80101043248
"473","bias_pr[105]",-1.1349727,1.0006234589587,9771.15484361719
"474","bias_pr[106]",0.13454093,1.00040358074554,3464.15147188023
"475","bias_pr[107]",0.02732146,1.00053019706119,6956.74128054003
"476","bias_pr[108]",-1.70152455,1.00017372240943,9497.07959576093
"477","bias_pr[109]",-0.15861762,1.00023458832599,6104.77036028688
"478","bias_pr[110]",-0.74723532,0.999843206710295,6764.01887824192
"479","bias_pr[111]",1.36617385,1.0002158796683,4366.62410333514
"480","bias_pr[112]",1.69042845,1.00019977035177,2084.84456614461
"481","bias_pr[113]",0.728001425,1.00052118383224,2259.0869159567
"482","bias_pr[114]",-1.1120798,1.00046735198952,7170.46032086821
"483","bias_pr[115]",0.54724061,1.00088649766959,2377.19624542839
"484","bias_pr[116]",0.29285248,1.00147398250393,7607.80100215384
"485","bias_pr[117]",-0.55959516,1.00013351278935,7259.45040385574
"486","bias_pr[118]",0.40784544,1.00039605961934,5663.14628694746
"487","bias_pr[119]",0.295865665,1.00058480678347,5722.53038479714
"488","bias_pr[120]",-1.4095703,1.00034689312335,8497.80409998597
"489","bias_pr[121]",0.809392555,1.00015674334943,2351.83744917379
"490","bias_pr[122]",1.1505464,1.00033001519909,4156.08523521267
"491","bias_pr[123]",1.1054394,1.00039203832615,2198.80913513279
"492","bias_pr[124]",-1.4587789,1.00054343569572,7163.50607492877
"493","bias_pr[125]",0.43189693,1.00037123781139,8856.73288845496
"494","bias_pr[126]",0.81029652,1.00012843445498,4577.10021143937
"495","bias_pr[127]",-1.2898938,1.00022699728346,3117.689110886
"496","bias_pr[128]",-0.825163185,1.0011892587517,3216.14961803605
"497","bias_pr[129]",0.70308065,1.0000116051628,4909.96152475076
"498","bias_pr[130]",0.641138985,1.00148031818068,5461.39243155718
"499","bias_pr[131]",0.64153899,1.00005629779513,6290.92069127045
"500","bias_pr[132]",-0.173218265,1.00019151428864,7772.06607840803
"501","bias_pr[133]",0.377965055,1.00029666343823,6630.93436225856
"502","bias_pr[134]",0.21331081,1.00032042573651,5524.68254445267
"503","bias_pr[135]",0.21813839,1.00044460598189,5044.47572683109
"504","bias_pr[136]",-0.282943005,1.00003516696473,7732.22744956369
"505","bias_pr[137]",0.13218085,1.00053288336994,6837.96392479765
"506","bias_pr[138]",0.35014106,1.00031373579694,2322.81632893201
"507","bias_pr[139]",0.310696595,1.00054819610829,5075.21143925972
"508","bias_pr[140]",0.82699518,1.00112367222945,2291.26659491958
"509","bias_pr[141]",-0.574476985,1.00108927047717,7645.10716157548
"510","bias_pr[142]",-0.74561304,1.00103881633641,3844.87488699181
"511","bias_pr[143]",-0.327653025,1.00047419020036,6395.47870980451
"512","bias_pr[144]",-1.28037045,1.00048070868236,5641.9202056238
"513","bias_pr[145]",-0.123834465,1.00094576802668,3280.08538344624
"514","bias_pr[146]",-1.4658369,1.00062896463245,5152.47703871383
"515","bias_pr[147]",0.0725468765,1.00107275662704,7497.8926871983
"516","bias_pr[148]",-0.30472747,1.00124077854347,7076.95049452128
"517","bias_pr[149]",-0.71269117,1.00115697679008,4722.09190912665
"518","bias_pr[150]",0.24512417,1.00040975910381,3868.79016006936
"519","bias_pr[151]",0.317956285,1.00063312841237,7410.34096401691
"520","bias_pr[152]",-1.7863705,1.00028617577766,8735.99207379024
"521","bias_pr[153]",-0.69356154,1.00090073418601,8670.47201352745
"522","bias_pr[154]",0.57320507,1.00033798749137,5861.07476216143
"523","bias_pr[155]",0.952299385,1.00098261885223,3201.8866404179
"524","bias_pr[156]",1.4453361,1.00065752079359,2021.64154842906
"525","bias_pr[157]",-1.6104784,1.00121489328953,7178.51090839741
"526","bias_pr[158]",1.23095115,1.00023279993556,5410.59771658193
"527","bias_pr[159]",-1.73526415,1.00062812768225,3548.89808759912
"528","bias_pr[160]",0.208756475,1.00035880958928,8025.58949439598
"529","bias_pr[161]",-0.80101107,1.00070022445366,6487.1994236931
"530","bias_pr[162]",0.38168465,1.0002106681126,6914.77035437729
"531","bias_pr[163]",-0.17705617,1.00025311481783,5564.80242828991
"532","bias_pr[164]",-0.155228875,1.00055020546174,6218.39143910915
"533","bias_pr[165]",0.1912895,1.00003996666031,6177.65109852471
"534","bias_pr[166]",0.393475545,1.00042877079589,4339.64843876169
"535","bias_pr[167]",0.882337235,1.00036075251752,2162.2130765993
"536","bias_pr[168]",0.77046142,0.999946101509524,4223.91749196687
"537","bias_pr[169]",0.24263354,1.00030704754001,6010.13235421311
"538","bias_pr[170]",1.10316275,1.00015285784801,5560.13245865157
"539","bias_pr[171]",2.7467718,1.00093812033513,4715.17928484378
"540","bias_pr[172]",-0.32854762,1.00051177022608,5314.63504945931
"541","bias_pr[173]",0.42914397,1.00069532565943,2685.39515164204
"542","bias_pr[174]",-1.1995762,1.00034565208493,7797.96410615589
"543","bias_pr[175]",0.914352895,1.00051766882914,3771.89975074709
"544","bias_pr[176]",0.289081605,1.00088895680688,7497.46588497533
"545","bias_pr[177]",-0.8858711,0.999718131304054,7859.50412942853
"546","bias_pr[178]",0.507239895,1.00021340152894,5218.97187781354
"547","bias_pr[179]",-0.14561477,1.00037583726957,7183.98493817838
"548","bias_pr[180]",0.562833465,1.00115222632087,3118.67988037403
"549","bias_pr[181]",0.045919613,1.00027700735804,4767.81730756699
"550","tau[1]",3.24801795,1.00167168438387,1842.43032258937
"551","tau[2]",2.37458145,1.00467648311896,871.720762113838
"552","tau[3]",2.76061045,1.00309652836275,1302.43158439764
"553","tau[4]",6.5058135,1.0004749033722,7280.93343788296
"554","tau[5]",6.1837641,1.00061377243156,7481.2796947639
"555","tau[6]",4.2654745,1.00138969507601,3236.53256123974
"556","tau[7]",2.35663725,1.0034258613759,829.623010467722
"557","tau[8]",3.12304285,1.00185202715536,1559.66152837146
"558","tau[9]",2.6760328,1.00332414867302,1329.94212795234
"559","tau[10]",2.6914642,1.00428310562676,1349.89700192071
"560","tau[11]",2.2988451,1.00413185486805,991.550019231035
"561","tau[12]",3.03269745,1.00195948039989,1609.00209331006
"562","tau[13]",2.6235876,1.00322267306074,1374.57874702092
"563","tau[14]",2.80750165,1.00248679263468,1430.61234517892
"564","tau[15]",1.8570428,1.00640900800438,733.358999385052
"565","tau[16]",3.32302205,1.00159562727925,2163.88677212019
"566","tau[17]",2.1798162,1.00479759186,743.525030368211
"567","tau[18]",1.912887,1.00637984707842,764.62372565011
"568","tau[19]",2.1689096,1.00382850113555,868.323127590137
"569","tau[20]",2.36904995,1.00588835404123,1059.35742330585
"570","tau[21]",2.32140845,1.00284295633475,1469.42712647223
"571","tau[22]",2.2819569,1.00452706435814,910.723262489426
"572","tau[23]",2.1806991,1.00679501540493,936.439879373796
"573","tau[24]",1.95571425,1.00596241176124,679.904837778784
"574","tau[25]",2.34492915,1.00290634175975,1371.60786268081
"575","tau[26]",2.0713523,1.00355534221298,766.398567418529
"576","tau[27]",1.93500825,1.0071887995192,632.447328164988
"577","tau[28]",3.70089155,1.00083160004432,2572.80540657795
"578","tau[29]",2.26084,1.00406137158439,1031.46195027309
"579","tau[30]",3.2842009,1.00111657385364,2358.02604774272
"580","tau[31]",1.7745307,1.00715511250775,617.395458734033
"581","tau[32]",2.94935105,1.00262839180398,1602.60577780689
"582","tau[33]",2.0292076,1.00686097690244,719.330854871032
"583","tau[34]",5.5442927,1.00000219851415,8480.77475038743
"584","tau[35]",1.6967957,1.00610818128674,589.746683056472
"585","tau[36]",2.2691235,1.00445140479437,911.302285153507
"586","tau[37]",2.04923395,1.00472844145835,815.650475594495
"587","tau[38]",3.63855905,1.00247737522464,3258.91532088351
"588","tau[39]",5.4878227,1.00021710642835,5507.0008368168
"589","tau[40]",2.11422035,1.00439132325156,778.116485324413
"590","tau[41]",2.08073085,1.00384303364084,889.048904230481
"591","tau[42]",2.1936006,1.00308912082108,1028.96066926504
"592","tau[43]",2.5605938,1.00235745288992,1396.87323101564
"593","tau[44]",1.7328067,1.00788177794756,635.421455363993
"594","tau[45]",1.8959434,1.00592656476496,722.943478173551
"595","tau[46]",1.7577074,1.00669435488483,609.068643448487
"596","tau[47]",2.0594457,1.00597806105066,828.924107964404
"597","tau[48]",1.9565791,1.00677632906652,632.405883432361
"598","tau[49]",1.87772805,1.00477157584386,706.152954293884
"599","tau[50]",3.45433355,1.00207812196788,2699.62668255945
"600","tau[51]",4.26168305,1.00103662939962,4922.38849550423
"601","tau[52]",2.6084587,1.0039495376901,1066.31216798106
"602","tau[53]",2.75263205,1.00389811210933,1192.55817992544
"603","tau[54]",4.3258769,1.00144034359776,4495.89336871282
"604","tau[55]",1.64847665,1.00634215478424,700.779375159145
"605","tau[56]",2.902456,1.00175595964691,1480.06711672421
"606","tau[57]",2.0579284,1.00456244817503,792.468887429905
"607","tau[58]",3.2212359,1.00154882223248,1976.10989412566
"608","tau[59]",4.10332165,1.00095302289085,4248.87485351945
"609","tau[60]",2.55923095,1.00441068421426,930.248565406332
"610","tau[61]",5.0338801,1.00098294206385,5659.9284959845
"611","tau[62]",3.770027,1.00097310850969,4172.78580331301
"612","tau[63]",3.26110005,1.00311147830612,1995.76761401496
"613","tau[64]",2.81976415,1.00144251742131,2067.29150741248
"614","tau[65]",2.3362118,1.00473472032365,926.539171419768
"615","tau[66]",2.41980725,1.00536582377313,945.403001563536
"616","tau[67]",2.55326505,1.00302111562359,1587.46147329298
"617","tau[68]",3.43653215,1.00182759636047,2610.56350258627
"618","tau[69]",4.3789159,1.00089248005355,3772.09889788985
"619","tau[70]",3.2106859,1.00246396361537,2334.74943746498
"620","tau[71]",5.18866965,1.00017479382916,6679.39395391903
"621","tau[72]",2.5683079,1.00396258113693,1286.23324006112
"622","tau[73]",2.4508795,1.00258840831453,1068.22863167364
"623","tau[74]",2.02854725,1.00454440228398,913.417879482033
"624","tau[75]",4.3766908,1.001163408668,5821.6966133141
"625","tau[76]",2.24254585,1.00310377504847,982.522453733989
"626","tau[77]",2.41558175,1.0035698636589,1460.09899850424
"627","tau[78]",2.1994417,1.00345423331683,1202.88945966798
"628","tau[79]",1.92312375,1.0059725788089,730.169093133795
"629","tau[80]",2.50045725,1.00394194116058,1101.75659487819
"630","tau[81]",1.90919145,1.00578920432166,688.108919484676
"631","tau[82]",2.34048415,1.00364259299598,1057.29854384104
"632","tau[83]",3.5106871,1.00105860039983,2466.3227495627
"633","tau[84]",2.8528797,1.00213411865093,1729.2983554254
"634","tau[85]",3.1520862,1.00179292404904,2147.7952873084
"635","tau[86]",1.99576905,1.00542603702395,789.820269760018
"636","tau[87]",2.24160055,1.0038265517828,826.306069972424
"637","tau[88]",2.6933164,1.00226019541913,1289.2604656562
"638","tau[89]",2.54878345,1.00534958934551,975.484961367719
"639","tau[90]",2.87543465,1.00279240781567,1779.22386338092
"640","tau[91]",2.0198531,1.00522066232245,712.759777468546
"641","tau[92]",1.87068105,1.00547355072235,686.743352910343
"642","tau[93]",2.0709095,1.00483428824213,767.993324964908
"643","tau[94]",4.27038555,1.00035766950318,4097.51490797346
"644","tau[95]",7.19800095,1.00027631026138,5460.5962797999
"645","tau[96]",3.106803,1.00248209685749,1731.71427601447
"646","tau[97]",3.31059935,1.00175389799406,2306.47633087823
"647","tau[98]",6.701454,1.00037541731329,6823.21152509762
"648","tau[99]",2.06056755,1.00603437639236,689.85373788499
"649","tau[100]",2.613368,1.00281744194656,1334.5646672354
"650","tau[101]",4.3758927,1.00098362815957,4661.76659262783
"651","tau[102]",2.2977418,1.00381422694226,890.944554137231
"652","tau[103]",5.08507035,1.00004431308644,6846.53290139994
"653","tau[104]",2.6791427,1.00403463017595,1500.49188510881
"654","tau[105]",3.38335465,1.00233077174335,2416.94795106757
"655","tau[106]",1.8048936,1.00495434977614,645.242722025476
"656","tau[107]",2.4194328,1.00468754408519,981.8251542427
"657","tau[108]",4.3006965,1.00163415222745,3555.98730458626
"658","tau[109]",4.64952975,1.00093735522561,5371.34168238668
"659","tau[110]",2.9487194,1.00287105241316,1238.65551614012
"660","tau[111]",2.46030955,1.00488063626017,1145.42757349646
"661","tau[112]",3.3327527,1.00131123648082,2174.67334043755
"662","tau[113]",4.91943165,1.00075699795555,6896.97306393546
"663","tau[114]",3.56643095,1.00142387510951,2080.66890598053
"664","tau[115]",2.4539571,1.0045076879917,1006.51995154582
"665","tau[116]",2.4312456,1.00296087940196,946.798370584036
"666","tau[117]",2.40570395,1.00466660831894,1106.17615394377
"667","tau[118]",2.09144085,1.00646979065782,763.196940078232
"668","tau[119]",2.4685044,1.00458620812845,967.185199155676
"669","tau[120]",4.49483105,1.00116435936645,4448.93150045816
"670","tau[121]",1.5327403,1.00782209974033,526.849672270894
"671","tau[122]",1.8716969,1.00574400011103,658.321977765408
"672","tau[123]",2.06750025,1.00410386824703,862.723861656483
"673","tau[124]",4.68491605,1.00073386734896,4585.08313542199
"674","tau[125]",2.6785452,1.0029063813677,1505.73879221925
"675","tau[126]",1.9275917,1.00748151159085,649.220876019509
"676","tau[127]",5.12849595,1.00110965391761,5766.44437721781
"677","tau[128]",2.12236665,1.00402463142449,803.410432770057
"678","tau[129]",3.0927737,1.00199339072009,1829.67922763969
"679","tau[130]",2.2142901,1.00426851459354,1102.5387188847
"680","tau[131]",2.0594521,1.00365010524857,808.849396175461
"681","tau[132]",3.34304965,1.00183606374739,1788.56547268356
"682","tau[133]",2.42088575,1.00303414365617,1125.60983557913
"683","tau[134]",2.1317546,1.00497790264019,790.976699335597
"684","tau[135]",2.566689,1.0035349462439,1170.06801555323
"685","tau[136]",3.32717435,1.00151080374331,2020.00174584092
"686","tau[137]",2.47863345,1.0032698773382,1122.82708967247
"687","tau[138]",1.6677059,1.0063733862515,585.458060660019
"688","tau[139]",2.0826125,1.00437667888755,847.037891643384
"689","tau[140]",1.7800229,1.00593090199661,676.998016183964
"690","tau[141]",3.43517445,1.0008557256627,2393.76468839347
"691","tau[142]",1.4702241,1.00413795356043,860.625744851331
"692","tau[143]",4.7231888,1.00073921604501,6384.0297838769
"693","tau[144]",3.439882,1.0018419284697,2568.6865654741
"694","tau[145]",2.06249235,1.00695674996893,714.480605504398
"695","tau[146]",5.017871,1.00072873424874,6737.81079683444
"696","tau[147]",2.70447095,1.00348695521757,1378.57390421544
"697","tau[148]",3.0273852,1.0012659305359,1721.88606646519
"698","tau[149]",5.1131089,1.00048555694349,7290.71139562062
"699","tau[150]",2.1829663,1.00471259613831,994.034145384578
"700","tau[151]",3.4924157,1.00266872218991,2275.71971664098
"701","tau[152]",3.3553935,1.00043942467586,3232.2924776841
"702","tau[153]",3.7703901,1.00179629463156,3041.84885113921
"703","tau[154]",2.39720035,1.00505218977848,1032.34157104929
"704","tau[155]",2.1395936,1.00448468221739,896.470256795159
"705","tau[156]",2.5177656,1.00218751160875,1272.49444289015
"706","tau[157]",3.8047381,1.0009218178023,2663.74228118014
"707","tau[158]",2.20732635,1.00502808286571,910.681550495011
"708","tau[159]",6.6311409,1.00023430921734,7810.96055538783
"709","tau[160]",2.5140103,1.00414873948396,1092.51876863793
"710","tau[161]",3.79767725,1.0018574392218,1917.07852491303
"711","tau[162]",2.15270045,1.00356047780125,981.28718810612
"712","tau[163]",2.4213546,1.002995797108,856.098645892643
"713","tau[164]",2.58178965,1.00291180815376,1241.27540424197
"714","tau[165]",2.4903234,1.00405370210115,1087.40511329557
"715","tau[166]",2.0297319,1.00502539425057,798.900785432808
"716","tau[167]",2.2394267,1.00464513788545,999.28453279873
"717","tau[168]",1.70004085,1.00668090829401,669.62669843422
"718","tau[169]",3.9000682,1.00235494247057,2676.97602902746
"719","tau[170]",2.4204061,1.00452497113229,1124.28186064424
"720","tau[171]",6.59417915,1.00020624915543,6634.75015195884
"721","tau[172]",2.1737116,1.00444770358949,792.046840328499
"722","tau[173]",1.6112833,1.00641834720497,555.896214294574
"723","tau[174]",4.18728875,1.00064590691613,3825.70099682915
"724","tau[175]",1.9715228,1.00567065619466,734.26495878321
"725","tau[176]",2.36999535,1.00470382467626,928.45166804438
"726","tau[177]",3.73526375,1.0015396714645,2869.9057033547
"727","tau[178]",2.3808554,1.00408458860275,944.162039795601
"728","tau[179]",2.95665865,1.0020861211564,1486.09107875037
"729","tau[180]",1.90340095,1.00580637523238,710.81480277611
"730","tau[181]",3.11926655,1.00175902042422,1518.09759652584
"731","m[1]",0.988241125,1.00132214871016,2888.56170213244
"732","m[2]",0.28397767,1.00247305998783,1148.76961180796
"733","m[3]",0.767324465,1.00189494991095,2159.38643635722
"734","m[4]",1.8324727,1.00066646603649,7881.61348155633
"735","m[5]",2.751979,1.00091195735638,4786.20736880792
"736","m[6]",0.773484155,1.0008576967419,4375.05543296831
"737","m[7]",0.32503916,1.00321973791193,973.748253405276
"738","m[8]",0.58683546,1.00100518289523,2280.25516917
"739","m[9]",0.66998429,1.00222471625473,1728.24449047291
"740","m[10]",0.773383335,1.00291254173148,1966.99026196347
"741","m[11]",0.454965445,1.00174109029353,1296.45903472026
"742","m[12]",0.72509553,1.00050925076179,2860.28816389428
"743","m[13]",0.89506199,1.00160791115338,2410.99078941885
"744","m[14]",0.762889225,1.00047855720833,2108.13286914061
"745","m[15]",0.202446115,1.00425114358641,921.680119278418
"746","m[16]",0.778290375,1.00127834417168,3086.23747189005
"747","m[17]",0.19448649,1.00309194365469,863.237803006274
"748","m[18]",0.258615295,1.00392959581338,943.344049292242
"749","m[19]",0.373517795,1.00204392478789,1095.52778813184
"750","m[20]",0.5181541,1.00464093815213,1243.80321376645
"751","m[21]",1.99395065,1.0018614395293,2414.82969483751
"752","m[22]",0.338503215,1.00214734152467,1108.3019387585
"753","m[23]",0.3538869,1.00271595370619,1090.32690330965
"754","m[24]",0.163162425,1.00484052858784,860.676141575345
"755","m[25]",1.26659055,1.00063554650869,2373.88820127262
"756","m[26]",0.25773562,1.00360779383345,908.787075820835
"757","m[27]",0.146674535,1.00501683452721,731.882235128296
"758","m[28]",0.761504465,1.00095159781393,2906.33518064138
"759","m[29]",0.476901345,1.00255081291984,1241.98907935414
"760","m[30]",1.49359785,1.00014580387371,5270.07505153519
"761","m[31]",0.133080875,1.0031987219688,770.876942595058
"762","m[32]",0.91414986,1.00098851465779,2683.44129358628
"763","m[33]",0.20435172,1.00324370778394,890.917208402837
"764","m[34]",2.0316058,1.00036874783093,6353.2272401531
"765","m[35]",0.090379705,1.00573423648997,672.027431122207
"766","m[36]",0.350513405,1.00462129556654,1065.32382679408
"767","m[37]",0.300325105,1.00358770882258,1040.61967286479
"768","m[38]",2.37256455,1.00071583652867,4841.21333661964
"769","m[39]",2.2881078,1.00158491502574,7324.82049192929
"770","m[40]",0.31790262,1.00365408283915,1105.79424904475
"771","m[41]",0.346621975,1.00341046729034,1091.13073624827
"772","m[42]",0.68061538,1.00392287871887,1433.04818161498
"773","m[43]",0.63182472,1.00201766507835,1621.73231640096
"774","m[44]",0.16459175,1.00357518632636,775.425216875399
"775","m[45]",0.212469095,1.00350976770851,802.207870092965
"776","m[46]",0.100981405,1.00337083671538,672.768047298174
"777","m[47]",0.353438965,1.00302206106943,1108.57665406312
"778","m[48]",0.177538725,1.0048691611333,724.80413607205
"779","m[49]",0.17907953,1.00392583764524,798.602095191543
"780","m[50]",1.37105895,1.00101834078145,4493.94169269406
"781","m[51]",1.5097125,1.00131054052863,5337.28187285854
"782","m[52]",0.56231958,1.00198505160036,1587.90526674735
"783","m[53]",0.642206515,1.00168235142055,1751.74949105544
"784","m[54]",1.5468297,1.0002703760642,6414.69196245301
"785","m[55]",0.211961545,1.00428644042521,820.676402029605
"786","m[56]",0.67003947,1.0011091001172,2091.05390412581
"787","m[57]",0.309714915,1.00376549137387,1006.85595849236
"788","m[58]",1.02991325,1.0017549186371,2963.38485588787
"789","m[59]",1.47592095,1.00105072895718,4928.52628028587
"790","m[60]",0.448780885,1.0023942896994,1198.09461964636
"791","m[61]",1.38157365,1.00009273311909,7659.00233233176
"792","m[62]",2.1386197,1.00081177740093,4509.02662655908
"793","m[63]",1.36638695,1.00129098442785,3624.16606601788
"794","m[64]",1.62758445,1.00167038481581,3375.05251462957
"795","m[65]",0.38299829,1.0018922043459,1035.67103512606
"796","m[66]",0.370656085,1.00189774317076,1176.12317064376
"797","m[67]",1.2534521,1.00128910065029,2363.17979735894
"798","m[68]",1.08985275,1.00097331124093,3232.26715729566
"799","m[69]",1.8669849,1.00068496679154,6299.05933121096
"800","m[70]",1.83497425,1.00116053357669,4729.02114297456
"801","m[71]",1.53970325,1.00017980993395,7215.70904624746
"802","m[72]",0.663008645,1.00293581613087,1734.22058495691
"803","m[73]",0.50640864,1.00189897607587,1338.55930470577
"804","m[74]",0.38425671,1.00455496154922,1052.39098075835
"805","m[75]",1.9746097,1.00071249909174,6682.57616896471
"806","m[76]",0.399802615,1.00259146426984,1116.50361781952
"807","m[77]",1.9273861,1.00117805535756,3269.52416132977
"808","m[78]",3.20241365,1.00165068915276,1827.85789186994
"809","m[79]",0.2243108,1.00451525054928,952.482609533732
"810","m[80]",0.52723019,1.00257166127161,1419.25517120173
"811","m[81]",0.222367885,1.00359972968327,922.724602615661
"812","m[82]",0.52791372,1.00169843221285,1233.49668643676
"813","m[83]",1.67147015,1.0010540197304,4072.49928829626
"814","m[84]",0.92289926,1.00096003564457,2477.45778163818
"815","m[85]",1.04171605,1.00196163200994,2444.1036339996
"816","m[86]",0.33226515,1.00312687075236,1059.68569783119
"817","m[87]",0.3253245,1.0039556524378,948.51761490543
"818","m[88]",0.672501445,1.00144623993108,1911.47727801765
"819","m[89]",0.33999133,1.00340825863381,1173.76852950304
"820","m[90]",1.10937265,1.00206904585896,2659.41747909018
"821","m[91]",0.159727665,1.00293171935572,797.078397759714
"822","m[92]",0.16035033,1.00456607440058,785.980063127086
"823","m[93]",0.303999295,1.00434995107983,995.266732210282
"824","m[94]",1.33361055,1.00111965324265,4343.10981653528
"825","m[95]",3.1840002,1.00015728524753,4645.56840072126
"826","m[96]",0.84682681,1.00079244472575,2643.57432632845
"827","m[97]",0.86383569,1.00227123871674,3197.72294479929
"828","m[98]",3.12694625,1.00102229585801,5315.0784662328
"829","m[99]",0.171349865,1.00480371218684,802.25539499959
"830","m[100]",0.704017535,1.00201019474237,1665.0278543956
"831","m[101]",1.47212895,1.00077741813895,6394.34895737677
"832","m[102]",0.404135665,1.00095301198064,1283.72686310925
"833","m[103]",2.1998232,0.999992486054842,6107.68431691431
"834","m[104]",0.75919456,1.00145843904092,2272.22685859291
"835","m[105]",1.11202415,1.00202974215051,3171.59185278579
"836","m[106]",0.129395945,1.00521754111193,689.778727555362
"837","m[107]",0.433054195,1.00215975078006,1327.99841844379
"838","m[108]",1.603653,1.00064920169056,5652.49746988493
"839","m[109]",2.33660635,1.00005884079274,5296.7077531507
"840","m[110]",0.54935208,1.00208994802968,1605.03050004714
"841","m[111]",0.66104678,1.00260408989001,1782.40996161092
"842","m[112]",1.0827397,1.00122384460053,3512.27001877837
"843","m[113]",2.27488825,1.00132697117257,5488.98899612376
"844","m[114]",1.0384972,1.00074226140908,3832.33633157867
"845","m[115]",0.427422865,1.00141793929483,1209.5457329249
"846","m[116]",0.399047405,1.00276837569497,1073.52459227192
"847","m[117]",0.675391215,1.00158254079818,1837.22581867966
"848","m[118]",0.25935834,1.00485599998617,902.087982082306
"849","m[119]",0.4651245,1.0010219176641,1395.06098388479
"850","m[120]",1.3081321,1.00080796274041,7631.13975525789
"851","m[121]",0.048816359,1.00486214140705,592.238191971725
"852","m[122]",0.168696665,1.00322364681176,799.988036402735
"853","m[123]",0.2362029,1.00290047597083,1028.7415692666
"854","m[124]",1.5735229,1.00195457196215,5803.22526286124
"855","m[125]",0.73672682,1.00179864392672,2084.60188909907
"856","m[126]",0.151408505,1.00442950141224,798.888526827536
"857","m[127]",2.01458485,1.00013100444236,6230.65396925217
"858","m[128]",0.243776265,1.00261263514994,992.449360955525
"859","m[129]",0.798170135,1.00157302344485,1989.29638159611
"860","m[130]",0.63268775,1.00308861210839,1733.32818641215
"861","m[131]",0.267287015,1.0023345283231,977.504611101829
"862","m[132]",0.93495053,1.00095612400636,3015.93175087652
"863","m[133]",0.6711228,1.00239313615484,1769.10525959946
"864","m[134]",0.22761161,1.00402355564958,839.725202193014
"865","m[135]",0.57154689,1.00166496146004,1619.21720764922
"866","m[136]",0.97627152,1.00125990558146,3674.12569105513
"867","m[137]",0.656494335,1.00241790547916,1714.4719429199
"868","m[138]",0.082150794,1.005324472399,633.524798154517
"869","m[139]",0.364286645,1.0021264760854,1118.97273609366
"870","m[140]",0.14168149,1.00556467111673,764.453025964394
"871","m[141]",1.2879223,1.00051871647924,4395.58045527168
"872","m[142]",1.34807955,1.00428299871768,1167.47639327662
"873","m[143]",2.0837814,1.00088347617624,5732.1261157967
"874","m[144]",1.89285465,1.00045794071514,5504.4541238699
"875","m[145]",0.19791902,1.0041105042181,850.267482053792
"876","m[146]",2.3800776,1.00079964260156,6965.6083244983
"877","m[147]",1.0088872,1.00368720064147,2002.95201499764
"878","m[148]",0.75598847,1.00160021001588,1928.56612062591
"879","m[149]",2.6017021,1.00132516994146,5757.35108243762
"880","m[150]",0.58913565,1.00354956031652,1304.02658946154
"881","m[151]",0.883199545,1.00217061405924,2868.12113515269
"882","m[152]",1.88690315,1.00035365980336,4296.71127156214
"883","m[153]",1.03866425,1.00113912702476,3894.61807310929
"884","m[154]",0.53071479,1.00380511576395,1448.47422897358
"885","m[155]",0.305140555,1.00301428804398,1049.30312953924
"886","m[156]",0.508023675,1.00104434666023,1932.37220461917
"887","m[157]",1.1779869,1.00108250763257,4022.80599635036
"888","m[158]",0.451788035,1.00338089687382,1120.9079187125
"889","m[159]",2.0301831,1.0006130365509,8283.44207239527
"890","m[160]",0.588940185,1.00290318872389,1418.40728851989
"891","m[161]",0.69618703,1.00113786740805,2409.85643094004
"892","m[162]",0.43775013,1.00099514022031,1344.53069729458
"893","m[163]",0.302355195,1.00445016744593,1048.92150291795
"894","m[164]",0.633110365,1.00252481411281,1748.10536167721
"895","m[165]",0.444963085,1.00326392407068,1298.78704393042
"896","m[166]",0.25445556,1.00261870285999,835.168015815905
"897","m[167]",0.351021385,1.00368120391296,1336.99208668981
"898","m[168]",0.158308075,1.00394916065704,774.669313664172
"899","m[169]",1.1646334,1.00035454652105,5022.41517013187
"900","m[170]",0.609091435,1.00218233180214,1848.74881115775
"901","m[171]",3.3341045,1.00033607093828,6126.75308512528
"902","m[172]",0.29164431,1.0021514636552,1034.6570452594
"903","m[173]",0.055890113,1.00616540133504,648.310896081954
"904","m[174]",1.55207085,1.00027235008256,5835.77904911178
"905","m[175]",0.198212915,1.00398155819285,832.291327129528
"906","m[176]",0.33150327,1.00169602868096,1109.61553188072
"907","m[177]",0.94891,1.00119058736951,4415.85234279256
"908","m[178]",0.37612299,1.00277863816481,1150.55324094916
"909","m[179]",0.801322945,1.0009267011643,2165.17073075715
"910","m[180]",0.17906391,1.00262885694061,845.969481594282
"911","m[181]",0.86052969,1.00102841835156,3260.50218549343
"912","bias[1]",0.019849518,1.00018757197157,4232.16442241413
"913","bias[2]",0.50941346,1.00054388242576,6056.14233994447
"914","bias[3]",0.373775765,1.00152531886783,6281.9682036633
"915","bias[4]",0.000339998005,0.999895218287205,8519.64904565504
"916","bias[5]",0.0095402656,1.00095722233184,9222.77161094402
"917","bias[6]",0.017901641,1.00034449209669,5917.49153859145
"918","bias[7]",0.618118955,1.00110101881136,6322.1534909729
"919","bias[8]",0.13947147,1.00061734442173,5630.43859137246
"920","bias[9]",0.534416365,1.00037740109869,7095.2267099255
"921","bias[10]",0.48491791,1.00058847020968,6429.98189927243
"922","bias[11]",0.629905315,1.00006799594292,6850.57728177766
"923","bias[12]",0.764374695,1.00093712226768,9385.79828879049
"924","bias[13]",0.563345715,1.00032483917483,7357.4760026982
"925","bias[14]",0.38175426,1.00013058344024,6439.87113623531
"926","bias[15]",0.853649025,0.999934235670087,11835.4413099132
"927","bias[16]",0.72987707,1.00033555850778,7383.77350996803
"928","bias[17]",0.461344215,1.00156547622634,11480.9352168853
"929","bias[18]",0.49743433,0.999935427849694,9561.72584644943
"930","bias[19]",0.392070905,1.00005254489457,6637.02916236794
"931","bias[20]",0.355246635,1.00078136342122,7835.25313198587
"932","bias[21]",0.045296345,1.00167473138884,4540.21872987438
"933","bias[22]",0.43968611,1.00032475318817,5733.3727799819
"934","bias[23]",0.392865235,1.00057738175384,8341.5448686911
"935","bias[24]",0.4648524,1.00192221743155,8455.01683853155
"936","bias[25]",0.162713255,1.00109923116479,7912.646347976
"937","bias[26]",0.49728513,0.999883289362595,15108.7689491886
"938","bias[27]",0.396983555,1.00015083611981,7152.73142157324
"939","bias[28]",0.266191355,1.00069119224547,10962.4296555651
"940","bias[29]",0.209200245,0.999953547078253,6932.77896692739
"941","bias[30]",0.028976704,1.00044353056414,4935.61231260021
"942","bias[31]",0.34558203,1.00122600655738,15168.0164441277
"943","bias[32]",0.667265145,1.00035754905334,9827.56208080081
"944","bias[33]",0.486152195,0.999970147862999,7542.29006912773
"945","bias[34]",0.544861365,1.00036985176176,10520.0994360678
"946","bias[35]",0.527055595,1.00054660427978,12220.4942828806
"947","bias[36]",0.36115125,1.00106542070729,6128.55802540159
"948","bias[37]",0.50191325,1.00019675245271,7446.81098601318
"949","bias[38]",0.19024915,1.00090084585609,4694.38245097913
"950","bias[39]",0.042680903,1.00005978920067,7104.04690595998
"951","bias[40]",0.39104462,1.00016421045536,7414.19593218129
"952","bias[41]",0.632708335,1.0003084593667,7044.39000456286
"953","bias[42]",0.27681436,1.00017603307283,6517.73648967158
"954","bias[43]",0.31225722,1.00041429517963,9064.63236490205
"955","bias[44]",0.41606199,1.00030432212536,4925.0505741033
"956","bias[45]",0.56133449,1.00075245686752,6769.51966973194
"957","bias[46]",0.586623765,1.00040926948495,8599.59779812975
"958","bias[47]",0.39971119,1.00049178055566,6533.30870689212
"959","bias[48]",0.54467526,1.00075102731232,5882.31757271142
"960","bias[49]",0.491480215,1.00032961191028,6647.36827270448
"961","bias[50]",0.24179373,1.00096240090301,7435.43869372173
"962","bias[51]",0.1162418,1.00040967605087,13362.0771355178
"963","bias[52]",0.239507235,1.00068889445841,7431.70031852347
"964","bias[53]",0.124838615,1.0007012397883,5809.93574651731
"965","bias[54]",0.294373885,1.00023273570424,12118.4654618101
"966","bias[55]",0.520243685,1.00132454417947,3284.67473126461
"967","bias[56]",0.24657424,0.999985627372177,6728.06749218537
"968","bias[57]",0.29169511,1.00073433521552,5747.73325521464
"969","bias[58]",0.301163945,1.00001102339617,8048.48005289298
"970","bias[59]",0.028526059,1.00113395893551,10900.6409387273
"971","bias[60]",0.794144905,1.00032140223667,5841.01740210565
"972","bias[61]",0.0759983365,1.0001303512956,8321.30971893788
"973","bias[62]",0.430750055,0.9999670500623,8524.60903068703
"974","bias[63]",0.214140005,1.0004391438013,6710.37958416546
"975","bias[64]",0.061573865,1.00016813359045,6113.67987688181
"976","bias[65]",0.72530227,1.00123664261353,6431.31691665131
"977","bias[66]",0.434982775,1.00008339354007,8352.87433832567
"978","bias[67]",0.10885685,1.00023952953973,8065.49315997849
"979","bias[68]",0.590890665,1.0006574742587,7667.11085417365
"980","bias[69]",0.0153529065,1.00148523390032,4840.7014471055
"981","bias[70]",0.034513418,1.00044901979631,5167.34998213895
"982","bias[71]",0.00967120895,1.00078710868772,9869.46631811787
"983","bias[72]",0.316473895,1.00000578375027,6990.00889990172
"984","bias[73]",0.28143904,1.00015100042581,6312.059549549
"985","bias[74]",0.55532924,1.00020695081272,6687.58630445294
"986","bias[75]",0.15500359,1.00090336245545,8627.01146337209
"987","bias[76]",0.68073076,1.00028034121992,6022.17413057497
"988","bias[77]",0.0206159065,1.00032591356789,4494.23462506867
"989","bias[78]",0.0049337554,1.00187596471049,1261.06791304806
"990","bias[79]",0.478468475,1.00013235540888,5917.9824190045
"991","bias[80]",0.29427397,1.00057292160397,6329.41074046752
"992","bias[81]",0.13315746,1.00091852517836,5840.29767095872
"993","bias[82]",0.578489985,0.999962194387681,6925.66893041586
"994","bias[83]",0.087164863,1.00018009395167,4684.47194769246
"995","bias[84]",0.204694125,0.999959546407423,6784.99373988649
"996","bias[85]",0.144864725,0.999795864838266,9683.48852264032
"997","bias[86]",0.48920276,1.00002846615802,5886.00795429301
"998","bias[87]",0.452764165,1.00062802303645,5669.31272128596
"999","bias[88]",0.385334835,0.999741662132973,7772.69822161924
"1000","bias[89]",0.62547738,0.999993670183556,9321.06127758502
"1001","bias[90]",0.263926775,1.00054688441019,6734.91184240305
"1002","bias[91]",0.204122275,1.00007521148195,7044.28334847008
"1003","bias[92]",0.470621665,1.00093948023681,8057.34596158049
"1004","bias[93]",0.40927764,1.00058278943636,6747.45205821433
"1005","bias[94]",0.29256312,1.0005020671731,7672.01999627337
"1006","bias[95]",0.202312435,1.00075816964271,12574.6663711537
"1007","bias[96]",0.48789108,1.00031512222353,6766.17547578551
"1008","bias[97]",0.062280667,1.00082654268449,5974.57553686293
"1009","bias[98]",0.291442755,1.00030105797016,12744.6522140425
"1010","bias[99]",0.711738565,1.00033429000422,7532.83755130326
"1011","bias[100]",0.42012483,1.00044044109027,7340.68999302573
"1012","bias[101]",0.20591945,1.00025076667565,7683.48842218524
"1013","bias[102]",0.654144205,1.00099699954253,6900.38732411541
"1014","bias[103]",0.466607625,1.00069208577995,11496.6194059791
"1015","bias[104]",0.59495155,0.999752435953056,13203.7109909583
"1016","bias[105]",0.059354361,1.00048049534765,8012.56119890632
"1017","bias[106]",0.34495582,1.00049795410506,8211.25223672912
"1018","bias[107]",0.30533213,1.00056143573218,6576.42422519058
"1019","bias[108]",0.018639819,1.00026650907513,6179.14504495755
"1020","bias[109]",0.248717005,1.0003617037686,5599.60179832323
"1021","bias[110]",0.112569465,0.99990843863689,5820.82463281156
"1022","bias[111]",0.767356465,1.00013489702498,6356.46374159028
"1023","bias[112]",0.843519435,1.00019087450471,14664.9010178096
"1024","bias[113]",0.55375475,1.00024330433351,14836.5318663657
"1025","bias[114]",0.060221702,1.00010383980744,7366.34016162556
"1026","bias[115]",0.48525494,1.00066638182379,4750.81525609039
"1027","bias[116]",0.39676879,1.00172971592787,7295.02906255937
"1028","bias[117]",0.14939379,0.999875377040667,6515.50527862281
"1029","bias[118]",0.43696385,1.00044668696459,5962.73750741952
"1030","bias[119]",0.39796448,1.00049983182566,5981.11616252212
"1031","bias[120]",0.034017109,1.0001716192647,7967.09413483742
"1032","bias[121]",0.583058115,1.00087251408476,16221.6089099321
"1033","bias[122]",0.701825835,1.00054576128341,5994.59002291681
"1034","bias[123]",0.68441534,1.00026706845823,14161.6895866535
"1035","bias[124]",0.030681412,1.00073288643925,8427.75522446651
"1036","bias[125]",0.447294695,1.00045806072838,8244.32799762363
"1037","bias[126]",0.58838148,0.999981889258779,5796.95777238928
"1038","bias[127]",0.043757383,1.00063294450801,10763.5371381887
"1039","bias[128]",0.102454785,1.00024984523188,7509.83047328951
"1040","bias[129]",0.54631591,1.00032899862193,7454.88118019267
"1041","bias[130]",0.5244304,1.00146856179709,5446.93766102871
"1042","bias[131]",0.52599686,1.00027904880128,6124.49342745204
"1043","bias[132]",0.246460095,0.999930788951256,6951.48885338448
"1044","bias[133]",0.4248912,1.00037853211608,6355.50214471544
"1045","bias[134]",0.371027125,1.00037684958945,5977.56254338774
"1046","bias[135]",0.371363255,1.00045885492697,5700.83477419198
"1047","bias[136]",0.213104515,1.00012003414845,8509.46421730315
"1048","bias[137]",0.342657125,1.00118262095544,6469.16580747413
"1049","bias[138]",0.41670763,1.00071707805198,17197.2458121773
"1050","bias[139]",0.405369555,1.00089838845585,5464.06964776162
"1051","bias[140]",0.589254905,1.00086405766741,16608.8639211375
"1052","bias[141]",0.14496297,1.0010658996873,8034.88853339671
"1053","bias[142]",0.1138148,1.00101751360885,3433.82438975847
"1054","bias[143]",0.203519445,1.00062128031934,6676.70296575982
"1055","bias[144]",0.0448368385,1.00044652082809,3848.594798388
"1056","bias[145]",0.26340295,1.00122625721117,6237.48378294862
"1057","bias[146]",0.030559554,1.00042379912225,9266.85483116833
"1058","bias[147]",0.319893685,1.00085242493855,7661.15022041751
"1059","bias[148]",0.211744705,1.00103203838538,6813.82362684892
"1060","bias[149]",0.11801694,1.00161272768532,12928.3555932401
"1061","bias[150]",0.38035547,1.00060883679667,9783.20457317121
"1062","bias[151]",0.40550793,1.00081193825683,8767.35171940431
"1063","bias[152]",0.01481968,1.00092385963316,7701.80605536792
"1064","bias[153]",0.123115255,1.00126971651247,9655.06435002929
"1065","bias[154]",0.501310015,1.00024690031859,6086.67525719615
"1066","bias[155]",0.63106856,1.00063752447557,8553.74269051792
"1067","bias[156]",0.785208175,1.00093564656897,12565.5237024285
"1068","bias[157]",0.0226093915,1.00112402104093,4394.60571866719
"1069","bias[158]",0.72491542,0.999902783938959,5820.99343461805
"1070","bias[159]",0.0170195425,1.00015419013426,9084.33843319644
"1071","bias[160]",0.36674168,1.00038000425705,7116.86972129437
"1072","bias[161]",0.103941275,1.00062979317712,5937.14624405352
"1073","bias[162]",0.428828705,1.00049967822583,6524.9024984374
"1074","bias[163]",0.24622859,1.00057172162754,5626.91131341443
"1075","bias[164]",0.25177428,1.00085422943199,6218.63488829577
"1076","bias[165]",0.364564575,1.00042837469192,6470.15867551624
"1077","bias[166]",0.43325408,0.999985619813926,5537.15985106927
"1078","bias[167]",0.608332595,1.00085483932616,13563.5546626804
"1079","bias[168]",0.57141594,1.000258851725,7072.34468487588
"1080","bias[169]",0.377980005,1.0001363064349,6373.28864693171
"1081","bias[170]",0.68680461,1.00011555312148,6388.02022185759
"1082","bias[171]",0.9768939,1.0001021780211,6714.65178680197
"1083","bias[172]",0.20706323,1.0001051717775,5985.80921818591
"1084","bias[173]",0.44541251,1.00067673038463,10477.9158030686
"1085","bias[174]",0.0517589105,1.00052507104477,7832.24284696801
"1086","bias[175]",0.621698095,1.0002876131459,10103.9109772606
"1087","bias[176]",0.39650061,1.00078414090664,7048.82645608362
"1088","bias[177]",0.0899793375,0.999834768959027,5854.53310302537
"1089","bias[178]",0.475591305,1.00014061199555,7038.28744700473
"1090","bias[179]",0.254175255,1.00045038940637,6654.81528653317
"1091","bias[180]",0.496002355,1.00141794989579,8895.87564756102
"1092","bias[181]",0.31356325,1.00024938401293,5906.77232021691
"1093","log_lik[1]",-95.823641,1.00008037736874,3543.21817173944
"1094","log_lik[2]",-91.3312725,1.0002694446554,5600.70980981193
"1095","log_lik[3]",-102.611655,1.00043013783588,3801.58949020405
"1096","log_lik[4]",-66.7720255,1.00027163081549,6577.89474713076
"1097","log_lik[5]",-76.947509,1.00025813208867,7828.94709114814
"1098","log_lik[6]",-92.6057375,1.00099501006352,3642.71755120726
"1099","log_lik[7]",-64.740991,1.00030649823409,7321.62133159974
"1100","log_lik[8]",-99.083312,1.00023096207379,3338.76004815023
"1101","log_lik[9]",-77.282026,1.000109134901,4585.71665747958
"1102","log_lik[10]",-67.438816,1.0006742038065,4103.92054422778
"1103","log_lik[11]",-79.2025265,1.00120659004892,6832.39017857646
"1104","log_lik[12]",-73.1468045,1.00002300132225,3909.95483127873
"1105","log_lik[13]",-68.8958225,1.00177837236684,3953.67071498112
"1106","log_lik[14]",-81.977413,1.00021968310702,3479.34971289138
"1107","log_lik[15]",-66.0216735,1.00009040606618,5859.91356098808
"1108","log_lik[16]",-64.149421,1.00117635013047,4389.97122113761
"1109","log_lik[17]",-103.21194,1.00144567456078,5837.11967136908
"1110","log_lik[18]",-102.690515,0.999988280854085,5916.2260749851
"1111","log_lik[19]",-96.6678575,1.00071132999379,4548.76385291368
"1112","log_lik[20]",-101.69241,1.00115016515664,3333.50017122029
"1113","log_lik[21]",-96.839996,1.00164689940895,3295.84062361081
"1114","log_lik[22]",-101.62979,1.00065740322622,5626.91770055498
"1115","log_lik[23]",-102.212515,1.00090864183589,6506.59716687937
"1116","log_lik[24]",-101.1883,1.00128604140136,6017.75520970655
"1117","log_lik[25]",-46.9980855,1.00037213497828,5341.98749088027
"1118","log_lik[26]",-100.10636,1.00000044273732,3529.18065529425
"1119","log_lik[27]",-102.776125,1.00012011839055,6285.95679748576
"1120","log_lik[28]",-91.90774,1.00062695065178,2896.29280994297
"1121","log_lik[29]",-90.248331,1.00056870496865,4927.63252043987
"1122","log_lik[30]",-53.922797,1.00038897145268,5064.41474561176
"1123","log_lik[31]",-97.331206,1.00081937500388,4977.33455660028
"1124","log_lik[32]",-85.008042,1.00047797024375,3789.22323383309
"1125","log_lik[33]",-103.003355,0.999744545819343,6595.91313825907
"1126","log_lik[34]",-0.223459355,0.999930803849967,8063.87091000935
"1127","log_lik[35]",-102.317945,1.000294323618,5925.79491411057
"1128","log_lik[36]",-101.13384,1.00026963048567,4414.26655234575
"1129","log_lik[37]",-95.728033,1.00067479575787,6638.98969339473
"1130","log_lik[38]",-95.9362345,1.00028762166152,3621.34510128484
"1131","log_lik[39]",-84.939223,0.999923329657497,6017.7657142178
"1132","log_lik[40]",-102.55729,1.00026848468824,5995.05909447891
"1133","log_lik[41]",-89.785397,1.000692263501,6486.65168905161
"1134","log_lik[42]",-98.8632765,1.00110535234249,3682.12566043171
"1135","log_lik[43]",-98.132248,1.00048262312773,3192.48070293894
"1136","log_lik[44]",-100.755475,1.00005072482757,7538.75284004672
"1137","log_lik[45]",-97.24351,1.00035639181631,6892.946383589
"1138","log_lik[46]",-97.99553,1.00085324881068,6338.66479223302
"1139","log_lik[47]",-84.521444,0.999929207848213,4965.39729554856
"1140","log_lik[48]",-95.504468,1.00031226843385,6618.23530794392
"1141","log_lik[49]",-100.232965,0.999933811895836,7151.87587627896
"1142","log_lik[50]",-91.5851845,1.00131257271569,4182.91522706221
"1143","log_lik[51]",-90.0786685,0.999965845726179,3903.98706566802
"1144","log_lik[52]",-99.2961325,1.0009262635783,2778.13043440928
"1145","log_lik[53]",-99.9027905,1.00075104014698,3415.49786569238
"1146","log_lik[54]",-96.7461465,1.00170683542985,3461.39220411896
"1147","log_lik[55]",-96.96561,1.00032668017454,7465.21339977008
"1148","log_lik[56]",-88.3509295,1.00064555939091,3637.89774650771
"1149","log_lik[57]",-102.58885,1.00093055537176,4576.3925591436
"1150","log_lik[58]",-60.483357,1.00048492688076,3687.46253016043
"1151","log_lik[59]",-87.6943445,1.00093194754977,5651.97348323902
"1152","log_lik[60]",-99.161219,1.00041543764426,4237.75217949495
"1153","log_lik[61]",-63.077362,1.00056546160008,4035.04057489166
"1154","log_lik[62]",-94.2793055,0.999791047337222,3579.46578077849
"1155","log_lik[63]",-85.299123,1.00047560734016,4287.40003021985
"1156","log_lik[64]",-93.329471,1.00097127935547,4457.30043783455
"1157","log_lik[65]",-76.7835725,1.00045805824477,5914.57825718236
"1158","log_lik[66]",-101.44297,1.00081677540383,4349.36094717484
"1159","log_lik[67]",-86.3903365,1.00047880116204,3924.14223268498
"1160","log_lik[68]",-33.2600235,1.00037576052131,3873.95797060091
"1161","log_lik[69]",-94.21996,1.00094543004654,4802.81633123119
"1162","log_lik[70]",-64.811698,1.00003174949758,4979.3402745395
"1163","log_lik[71]",-81.861266,1.0004133885486,6490.08658350777
"1164","log_lik[72]",-76.9069395,1.00034653438605,4054.8503267954
"1165","log_lik[73]",-101.85157,1.00054682641581,3199.55808860753
"1166","log_lik[74]",-80.154017,1.00022762999013,6052.84064996629
"1167","log_lik[75]",-89.351607,1.00006461119048,4968.99684781181
"1168","log_lik[76]",-69.7169845,1.00081596016524,7117.3074422779
"1169","log_lik[77]",-97.358005,1.00063928864158,4351.95556901049
"1170","log_lik[78]",-93.5068905,1.0020054125599,1162.90343043271
"1171","log_lik[79]",-99.837416,1.00067477586872,6794.45140102742
"1172","log_lik[80]",-102.501625,1.00208906101236,3144.714657129
"1173","log_lik[81]",-78.6263905,1.00035780171021,3830.46880187308
"1174","log_lik[82]",-59.1867405,1.00102940460543,6252.84867411622
"1175","log_lik[83]",-85.8600525,1.00059588360715,3537.30412982741
"1176","log_lik[84]",-93.864839,1.00038463097639,2824.54576146193
"1177","log_lik[85]",-95.459946,0.9997504040415,3695.80180070183
"1178","log_lik[86]",-98.1953725,1.00113414373733,5982.06468361583
"1179","log_lik[87]",-88.625533,1.00037097848031,5870.64936083146
"1180","log_lik[88]",-65.510156,1.000708890807,4346.24149174017
"1181","log_lik[89]",-100.98293,1.00024667435377,3841.86640072282
"1182","log_lik[90]",-100.250065,1.0008757829995,3883.4814644472
"1183","log_lik[91]",-84.837472,1.00021398512084,6570.49120482574
"1184","log_lik[92]",-103.217445,1.00052932630998,6070.44133716412
"1185","log_lik[93]",-100.657035,1.00050836964998,5724.2020579022
"1186","log_lik[94]",-57.9595915,1.00073725537124,3886.69607488273
"1187","log_lik[95]",-70.2640275,0.999813530287324,7088.13006900712
"1188","log_lik[96]",-88.3018455,1.00095224423572,3587.11403843758
"1189","log_lik[97]",-95.5934035,1.00106440603993,3881.27504945042
"1190","log_lik[98]",-75.280312,1.00123037400417,5829.49332553656
"1191","log_lik[99]",-81.8329245,1.00054403475958,6011.5279879229
"1192","log_lik[100]",-65.5589575,1.00034820215744,3558.19979686063
"1193","log_lik[101]",-87.360373,1.00011246421519,3922.63045223758
"1194","log_lik[102]",-86.0224385,1.00044099357711,6455.50327574897
"1195","log_lik[103]",-0.0882798105,0.999949395265053,7723.83353485196
"1196","log_lik[104]",-101.211695,1.00009381870458,3658.51167694439
"1197","log_lik[105]",-97.840732,1.00111700116475,4868.36264513231
"1198","log_lik[106]",-99.7521255,1.00061666774295,5909.77540818501
"1199","log_lik[107]",-94.3362425,1.00128523068681,3506.1481050826
"1200","log_lik[108]",-76.7745455,1.00027490301965,5369.37299289394
"1201","log_lik[109]",-63.0523845,1.00061991591132,4665.99443759951
"1202","log_lik[110]",-99.5915985,1.00036405491058,3444.58648393648
"1203","log_lik[111]",-64.675013,1.0000114104348,6090.40949565605
"1204","log_lik[112]",-60.401382,1.00007695088334,4761.29305503452
"1205","log_lik[113]",-94.6325695,1.0000033919145,4415.73228644031
"1206","log_lik[114]",-88.1902835,1.00005111702853,3757.62649585896
"1207","log_lik[115]",-101.950935,1.0009897922273,3388.15948596397
"1208","log_lik[116]",-83.3145585,1.00025142917063,4515.24327513637
"1209","log_lik[117]",-100.17236,1.00011684793816,4529.13731551626
"1210","log_lik[118]",-98.1967735,1.00001706966333,6781.70311479463
"1211","log_lik[119]",-100.013305,1.00040707641954,3846.28836152032
"1212","log_lik[120]",-94.6685465,1.00050873197056,4739.84073302479
"1213","log_lik[121]",-100.86014,1.00080036235364,5241.90638376143
"1214","log_lik[122]",-80.736658,1.00054497657465,6158.33495869622
"1215","log_lik[123]",-85.1443405,1.00030123723544,4683.58258028134
"1216","log_lik[124]",-90.9631855,1.000519387953,5758.56734234477
"1217","log_lik[125]",-56.4512365,1.00042383551759,3696.70823907187
"1218","log_lik[126]",-93.3986645,1.00043635750495,6795.59852073367
"1219","log_lik[127]",-52.4563435,1.00058670989278,5921.31589568068
"1220","log_lik[128]",-58.949577,1.00046626792313,5150.52396774823
"1221","log_lik[129]",-92.9478925,1.00081302850536,3577.48071977028
"1222","log_lik[130]",-89.4902325,1.00112243798231,5193.13863667137
"1223","log_lik[131]",-82.691914,1.00014515702795,6803.65183965409
"1224","log_lik[132]",-64.9719445,1.00076850108959,3759.99074950587
"1225","log_lik[133]",-79.833576,1.00162517134687,4329.83699060657
"1226","log_lik[134]",-101.76428,1.00003747779239,6126.40252066537
"1227","log_lik[135]",-101.2783,1.00101834579781,3850.1222508419
"1228","log_lik[136]",-96.437216,1.0000669007201,3091.08989238195
"1229","log_lik[137]",-67.9387125,1.00054072291322,3411.77841056488
"1230","log_lik[138]",-101.703175,1.00016751294107,4937.14371946433
"1231","log_lik[139]",-102.60539,1.00056498306685,5808.65088684227
"1232","log_lik[140]",-100.279805,1.00094340265607,4304.31512294023
"1233","log_lik[141]",-96.787786,1.00092854849624,4115.64752878806
"1234","log_lik[142]",-88.0249585,1.00193102007406,2063.21081222892
"1235","log_lik[143]",-85.4585695,1.0003350535288,5347.67515763936
"1236","log_lik[144]",-77.35365,1.00046506860335,4028.3716969441
"1237","log_lik[145]",-93.823972,1.00064288574946,5902.90390520763
"1238","log_lik[146]",-69.141386,1.00088354032222,6091.54249318598
"1239","log_lik[147]",-89.7226115,1.00225013115142,3371.20971042063
"1240","log_lik[148]",-81.1197375,1.00007319142787,4139.72735499057
"1241","log_lik[149]",-84.8405745,1.00065480633615,5285.78466066095
"1242","log_lik[150]",-101.16402,1.00180279917305,2834.37762952058
"1243","log_lik[151]",-80.6308195,1.00158290472774,3010.5216199268
"1244","log_lik[152]",-92.168334,1.00060539264786,7029.53473608945
"1245","log_lik[153]",-98.0655985,1.00231060821909,3834.09483184533
"1246","log_lik[154]",-86.6259405,1.00127940124779,4984.85802959271
"1247","log_lik[155]",-101.068575,1.0012625529775,4516.72202998957
"1248","log_lik[156]",-77.7466015,1.0003455987359,5001.43668662657
"1249","log_lik[157]",-95.983528,1.00061398523313,3426.51670076365
"1250","log_lik[158]",-61.274928,1.0014522490932,7771.92102698149
"1251","log_lik[159]",-82.673334,1.00017231744441,6829.41560535477
"1252","log_lik[160]",-62.1011375,1.00059562709409,4015.89113783566
"1253","log_lik[161]",-91.972159,1.00131046763134,2735.90342381556
"1254","log_lik[162]",-85.4567125,1.00017112355204,4221.76051201003
"1255","log_lik[163]",-100.65506,1.0012253005258,2733.26995819825
"1256","log_lik[164]",-102.313735,1.00043923979549,3540.67080327537
"1257","log_lik[165]",-101.54787,1.00143699080118,3271.85951984834
"1258","log_lik[166]",-101.464045,1.00008776555382,6136.27696429589
"1259","log_lik[167]",-100.32988,1.00089737182627,4914.20701329645
"1260","log_lik[168]",-96.095525,1.00007624332969,7134.52772674103
"1261","log_lik[169]",-90.602346,1.00107273427209,3132.0234147984
"1262","log_lik[170]",-73.7916535,1.00080599969414,6667.4218683553
"1263","log_lik[171]",-56.7860645,1.0006191508506,6533.86184668949
"1264","log_lik[172]",-69.6763575,1.00022845868902,3702.74146520968
"1265","log_lik[173]",-103.274175,1.00089157908684,4777.00262286215
"1266","log_lik[174]",-94.959167,1.00094791404669,4957.78699459677
"1267","log_lik[175]",-93.9476155,1.0002185454082,5837.29763598769
"1268","log_lik[176]",-79.870242,1.00109721105412,3987.51546950325
"1269","log_lik[177]",-99.490447,1.00064580186269,3754.62142433284
"1270","log_lik[178]",-99.6965775,1.00073036886046,4030.36917451873
"1271","log_lik[179]",-72.486379,1.00065341996472,4434.80225588689
"1272","log_lik[180]",-102.894325,1.00086366649401,5946.02082927612
"1273","log_lik[181]",-101.64176,1.00013877190054,2927.02687830424
