"","variable","mean","median","sd","mad","q5","q95","rhat","ess_bulk","ess_tail"
"1","lp__",-16310.104775,-16309.848,13.5126138946877,13.6265766000011,-16332.77025,-16288.72735,1.00172264635434,1309.5867116467,2720.89703474873
"2","mu_pr[1]",0.31603457759,0.315568465,0.0369440655309828,0.036321794859,0.2563306705,0.377707593,1.00524331487364,824.498504236948,1529.14988351477
"3","sigma[1]",0.4785852420675,0.47763014,0.0267204302962128,0.0269181300779999,0.4355827625,0.523154599,1.00169685220584,1597.28643926082,3350.03168530473
"4","bias_pr[1]",-0.254702086539076,-0.25461915,0.225034630756723,0.225500902515,-0.627003838,0.119177505,1.00040485909036,6080.54913980119,5367.94628304295
"5","bias_pr[2]",0.393874947464469,0.390418245,0.232139475595001,0.231908314239,0.0244112121,0.786252100999999,1.00034127067057,5683.18721499569,4516.69264939751
"6","bias_pr[3]",-0.601115391967286,-0.59841051,0.233416928801173,0.231026048631,-0.9863213575,-0.212416744000001,1.00123897660084,5864.89306227217,5149.01909265203
"7","bias_pr[4]",-1.00732656151,-1.0033714,0.22898595317275,0.226631207103,-1.392411005,-0.6353782665,1.00089019207737,5426.64913720914,4654.65435677141
"8","bias_pr[5]",-0.7565796307538,-0.75571404,0.235673712982525,0.237846712866,-1.145347675,-0.366097875,1.00033493925793,5893.31976540293,4866.25383015104
"9","bias_pr[6]",-0.393798489108558,-0.393065755,0.224996020422963,0.225598983918,-0.767589177,-0.0253832056000001,1.00042538272666,5281.81690865565,5293.74444464783
"10","bias_pr[7]",1.374071711365,1.37223415,0.267488796308495,0.26567517417,0.9389377535,1.81979283,1.00078146652953,5557.81967676048,5270.32375754078
"11","bias_pr[8]",-0.258500413304632,-0.25868973,0.22047393480766,0.223922874966,-0.620735658,0.102080667999999,1.00038455787872,6443.93761347513,4820.5956016122
"12","bias_pr[9]",0.925225249161125,0.91875946,0.251182703525314,0.24932179965,0.5262110125,1.34909919,1.00059950293828,5900.78116739099,5012.79381619411
"13","bias_pr[10]",1.27047176533875,1.2614866,0.271980856904561,0.26976329541,0.8364205175,1.72706156,1.00014406762391,5944.88761035253,5358.8887757095
"14","bias_pr[11]",0.889882513245375,0.88461299,0.249748464405347,0.251805339975,0.4830423275,1.31364736,1.00042146652062,5710.85954652848,5146.13007462348
"15","bias_pr[12]",1.06988000088,1.06134295,0.255504644346129,0.253363448793,0.658998056,1.504539525,1.00088549782615,5982.27821227866,4574.31520317072
"16","bias_pr[13]",1.21720709358,1.21227625,0.261850217770285,0.25967309046,0.7947997915,1.655186775,1.0019557840193,6456.26637881206,4520.32486994318
"17","bias_pr[14]",0.757976399572112,0.756974755,0.247614972666223,0.250151848086,0.352951812,1.171180285,1.00007399536683,5905.69615501772,4960.35376865092
"18","bias_pr[15]",1.32322744344125,1.32081965,0.269521587864256,0.27183552543,0.888963662,1.773147235,1.00235707076547,5831.46085531955,5615.71920958119
"19","bias_pr[16]",1.37530669348375,1.36832575,0.268443591797721,0.26585649615,0.9498708905,1.834731675,1.0000625223451,5979.77436186208,5145.96574752946
"20","bias_pr[17]",-0.667227865641262,-0.669310595,0.226445347231226,0.22604801898,-1.04194384,-0.2969223435,1.00040418961932,5849.00599507285,4618.46469764028
"21","bias_pr[18]",-0.426084406282311,-0.42891504,0.221658934113893,0.225952057695,-0.792858209,-0.0630834831000002,1.00080520122598,5874.50052518093,5745.94340492144
"22","bias_pr[19]",0.0989147359409187,0.09697463,0.22804588953024,0.227054096514,-0.2689430365,0.4731250755,1.00042852269253,5264.11986891896,5441.65215279573
"23","bias_pr[20]",-0.77019002703475,-0.767028785,0.223707761748217,0.222587838144,-1.14851361,-0.402621373500001,1.00037174318777,4712.8352968863,5150.95371799486
"24","bias_pr[21]",-0.221548987378196,-0.221860765,0.226529532763851,0.2257142671875,-0.59696978,0.155278154,1.00174134799926,5533.57965463653,4530.40507897485
"25","bias_pr[22]",-0.375183060665309,-0.374484785,0.220646755129849,0.221243460942,-0.739736837,-0.0172683833,1.00093082604909,5110.92694188717,4767.03014953747
"26","bias_pr[23]",-0.902566564773338,-0.89968334,0.228332672288127,0.23040071019,-1.280602985,-0.5325112035,1.00032609581698,5430.60376656501,4862.44699801484
"27","bias_pr[24]",-0.577261964426211,-0.57666699,0.226585554403542,0.220121132742,-0.951352151,-0.203245989,1.00071308950123,5919.2002670381,5266.66301347189
"28","bias_pr[25]",1.86913915618,1.8621929,0.301850074648255,0.30541975128,1.39555716,2.381977555,1.00057790503908,5861.61188891991,5515.35761184628
"29","bias_pr[26]",-0.634548579267064,-0.6330978,0.221464514276414,0.219681400995,-1.00378285,-0.273810225,1.00013086140967,5151.5653312029,4846.6912963707
"30","bias_pr[27]",-0.835749733675638,-0.833300145,0.227406487071803,0.225158251416,-1.221606695,-0.458575367,1.00033498073601,5520.90982643236,4759.94387545744
"31","bias_pr[28]",-0.0117400469845351,-0.011472654,0.230131342074856,0.2288559166026,-0.388304367,0.365619742,1.00093091401079,6554.43875560588,5478.84658189124
"32","bias_pr[29]",0.393343439828327,0.392383945,0.234584292924432,0.230730951927,0.007316562605,0.7821150935,1.0004345652332,6224.43342949338,4513.18574498041
"33","bias_pr[30]",1.48910210188125,1.4828559,0.27716772859163,0.27674767575,1.04265096,1.951915435,1.00049737495967,5486.76563199854,5142.31494803531
"34","bias_pr[31]",-1.3594872555325,-1.3553137,0.237178475155039,0.23975080122,-1.75203389,-0.97775885,1.00112452978321,4865.1286670654,4746.22138641432
"35","bias_pr[32]",0.629364892991675,0.625154435,0.240504814235048,0.239291395371,0.240233897,1.03424506,1.00009908011344,6188.4316493122,5296.48965749912
"36","bias_pr[33]",-0.463203770354479,-0.464405675,0.224156849377049,0.228862075323,-0.829040942,-0.0868723762500007,1.00083122893612,5528.25169710407,4987.43649493276
"37","bias_pr[34]",3.6388538546875,3.61390845,0.493015688703432,0.48549093579,2.87592684,4.50065245,0.999922530598194,9483.4848012324,5972.05805514069
"38","bias_pr[35]",-0.32575038237749,-0.3303484,0.223766883623832,0.222101649126,-0.689206638,0.04296300345,1.0004978967933,5114.86130517839,5483.28736640223
"39","bias_pr[36]",-0.25754864281568,-0.255968455,0.224283649621778,0.222936738402,-0.625719884,0.1089453895,1.00040369528867,5378.71487998424,4831.63506424714
"40","bias_pr[37]",0.169528568648979,0.16871012,0.227677575850975,0.2247158050284,-0.2028259645,0.5448909115,1.0002610735221,6292.79980338302,4711.11266168406
"41","bias_pr[38]",-0.010281499391191,-0.013289434,0.232943626359633,0.232177176336,-0.38475745,0.3696528215,1.00026908626297,5904.49017880844,5150.64817933643
"42","bias_pr[39]",-0.379436568873899,-0.38073418,0.22801094049075,0.22927289637,-0.751534215,-0.00449544055500028,1.00094880755739,5345.55196396583,4638.51562156004
"43","bias_pr[40]",-0.871976862335875,-0.8673348,0.228619745692103,0.22726538184,-1.249185805,-0.5040646235,1.00023770096748,5363.57396913244,4518.91006753964
"44","bias_pr[41]",0.470713745758814,0.468640085,0.23549102789852,0.23962070307,0.0900406418,0.866493980999999,1.0007401714302,5463.7570992106,5315.02971169652
"45","bias_pr[42]",-0.20207290873887,-0.201995775,0.224721777866125,0.2274652941414,-0.568543112,0.1670058825,1.00060301692346,5905.15002535575,5287.94234501647
"46","bias_pr[43]",-0.202623825019295,-0.20385275,0.226711428216852,0.2236933647795,-0.576743274,0.173453012,1.00119716319881,5904.67794657128,5109.79185649732
"47","bias_pr[44]",-0.321196920242715,-0.31566503,0.222520427542147,0.220690799553,-0.689447414,0.0431776676499999,1.00096106403163,5693.94933950205,4909.19246906922
"48","bias_pr[45]",0.0955180670671816,0.095347621,0.226236052622613,0.2216968748631,-0.2728348005,0.4697570215,1.00024465145129,6009.56206608114,5345.90577440093
"49","bias_pr[46]",0.0585651149453611,0.0572312665,0.23178075133126,0.234480439914,-0.3160156995,0.4348567305,1.00099707915013,5831.37327474661,5066.08524178422
"50","bias_pr[47]",0.674694411574387,0.6718156,0.238276054873517,0.235674488889,0.285653634,1.07558877,1.00052669418243,5865.3392759583,5057.90861068805
"51","bias_pr[48]",0.203880460892988,0.20098002,0.231434628818537,0.231910686399,-0.168867906,0.581939432,1.00050412369003,6542.67719685414,4733.20457010909
"52","bias_pr[49]",-0.114056907228464,-0.115263655,0.225086458506308,0.222898954341,-0.4860123255,0.2571040905,1.00012350235235,5741.88295018074,5037.5155395818
"53","bias_pr[50]",0.240939042884887,0.240340105,0.230727092817891,0.234202104003,-0.139579664,0.6209599445,1.00051435237269,5809.88202896635,4700.48841989105
"54","bias_pr[51]",-0.362182593889216,-0.35831277,0.226481720538551,0.226819156305,-0.738972067,0.00544404650499894,1.00120393344901,5551.64060679589,4999.69818781917
"55","bias_pr[52]",-1.0744827383,-1.0736413,0.22975658402963,0.229495449456,-1.46009354,-0.702812638,1.0009587130244,4871.98808864556,4896.91649035325
"56","bias_pr[53]",-0.443176953622927,-0.44294861,0.223164363243862,0.21612475479,-0.815587779,-0.0723582785500002,1.00044543918794,5730.47816227592,5429.09011124786
"57","bias_pr[54]",-0.460538159993112,-0.459642625,0.219654362297196,0.221092235742,-0.8174470325,-0.0941847348500004,1.00053319087773,5618.72503925104,4965.95895010465
"58","bias_pr[55]",-0.0657716110448231,-0.0673654835,0.225957741862361,0.2294998787235,-0.4352936175,0.3062493075,1.00048288011865,6084.38424873326,4874.67184278521
"59","bias_pr[56]",0.268195082864134,0.267276175,0.240797788962401,0.236908797867,-0.1229904215,0.677818656,1.00073815412666,5981.02485743662,5172.70130272093
"60","bias_pr[57]",-0.733478274173312,-0.733890605,0.227142837931097,0.228124340976,-1.10122681,-0.3578580705,1.00141386463417,5231.07855890638,4443.53746139149
"61","bias_pr[58]",1.43250459761625,1.43409905,0.272960739991069,0.27769446411,0.9973783895,1.890533775,1.00011666467897,6380.69279239028,5465.05690543927
"62","bias_pr[59]",-0.459610066319397,-0.45537261,0.228203374969757,0.229166897883,-0.842381921,-0.0919169574,1.00068082082997,5621.48125558544,4770.12435644533
"63","bias_pr[60]",-0.354482303499115,-0.354296325,0.228089139480468,0.223162530969,-0.7275831465,0.0232715309499997,1.00067995086612,5786.93556480502,4750.50301555613
"64","bias_pr[61]",-2.514787631125,-2.50330225,0.279950237211394,0.27600622749,-2.993501845,-2.072324505,1.00032243758338,3876.91919105026,4814.67853121832
"65","bias_pr[62]",-1.28620468297875,-1.2831313,0.231776278091158,0.2290164807,-1.67429518,-0.906439832,1.00077942394449,4641.16384267682,4790.55605521951
"66","bias_pr[63]",0.538546517241175,0.536129415,0.240733308013059,0.247280518905,0.1495017245,0.9419431895,1.00117190520225,6532.65798904849,5179.84176305423
"67","bias_pr[64]",0.0236775635089166,0.022336201,0.224700002591834,0.221578409934,-0.347967041,0.3931999925,1.00136704893135,5306.57410813203,5271.56961366891
"68","bias_pr[65]",0.97913704425925,0.975101365,0.253765008428221,0.252995838123,0.561800189,1.4002169,1.00040638827294,5349.02568316982,5338.363225679
"69","bias_pr[66]",-0.596061192708973,-0.59321229,0.22626223267681,0.228385285989,-0.96977936,-0.2263355255,1.0011427047643,5936.98453468427,5504.98313835126
"70","bias_pr[67]",0.357181185230751,0.356682845,0.233850664320165,0.233316932499,-0.0270824836,0.745195069,1.00034922717968,5897.11067204118,5137.09839921577
"71","bias_pr[68]",2.33865572855,2.32468285,0.330911702256878,0.327570240059999,1.81289898,2.907087075,1.0004504673547,5221.61100208992,5312.53361249381
"72","bias_pr[69]",-0.324738990091871,-0.32243401,0.228790764503755,0.229020839544,-0.7013728105,0.0477646399499999,1.00078236475891,6269.3979182974,5272.30989976551
"73","bias_pr[70]",1.17065570016625,1.1663227,0.261249367046538,0.261250754772,0.7532283405,1.6114136,1.00036103332993,5578.40289446717,4817.28691139217
"74","bias_pr[71]",-0.114977469220863,-0.116248485,0.230357642041171,0.2295038454198,-0.4946483795,0.264084536,1.00064858666883,6091.48316461276,4746.87113979163
"75","bias_pr[72]",0.932806574119125,0.92811111,0.252079548183332,0.253226508444,0.525883333,1.350635825,1.00007818767915,5555.28396844291,5382.99634403612
"76","bias_pr[73]",-0.833311524452875,-0.8293683,0.228891430084039,0.225267140973,-1.21038648,-0.4590296545,1.00196408653645,5780.37224677526,5360.36973921696
"77","bias_pr[74]",0.845842073446875,0.843520595,0.247077925654684,0.24359799996,0.4437339135,1.258476905,1.00041474249525,6304.52678905253,4930.84001290417
"78","bias_pr[75]",0.0573989069598244,0.052289017,0.225648472433953,0.2226852998202,-0.3065341815,0.431995151,1.00040210462984,5689.93784618948,4844.89640067119
"79","bias_pr[76]",1.22075085124375,1.2186467,0.255322704863237,0.256111737,0.814974176,1.644547485,1.00045356400898,5630.2038353379,5487.61896763312
"80","bias_pr[77]",-0.430352019089432,-0.427788135,0.223108937329818,0.217605760995,-0.7990221655,-0.0588076339000002,1.00061376176763,5362.72097723525,4835.54576247159
"81","bias_pr[78]",-0.154218521250041,-0.151623365,0.225693165017712,0.223895196929292,-0.529688028,0.211613835,1.00061915884223,5845.39011209183,4238.12395712
"82","bias_pr[79]",-0.0841641909466394,-0.084486869,0.223965674860249,0.2253231550836,-0.4523726755,0.28128689,1.0013762285415,6153.59557131281,4739.67696266433
"83","bias_pr[80]",-0.666358248485513,-0.6673546,0.223916513191208,0.221831371146,-1.038393955,-0.2987563705,1.00050114315554,5277.50355902938,4892.95946489969
"84","bias_pr[81]",-2.1421801546875,-2.1366917,0.264310434567592,0.26208757869,-2.58542536,-1.715383345,1.00061228040454,4296.36002113472,4760.02090531225
"85","bias_pr[82]",1.5435215897725,1.5359573,0.277436882629443,0.27774465012,1.104300095,2.015592875,1.00032187951483,5832.55305076673,5088.88426988122
"86","bias_pr[83]",-1.80685675708,-1.80026,0.249854930703283,0.24959237415,-2.219437155,-1.406649565,1.00064624482811,4569.48288379733,4802.0917487987
"87","bias_pr[84]",-0.118475447365964,-0.11930452,0.229264238104383,0.228830355096,-0.4992001785,0.254411361999999,1.00044044567297,6548.51753149884,5254.07133831239
"88","bias_pr[85]",-0.239424367595528,-0.237856375,0.220440084515492,0.218859247404,-0.6062769675,0.1242816205,1.00046481623827,5370.10376655908,4951.0165656504
"89","bias_pr[86]",0.0229067721656789,0.022015934,0.223050146139828,0.2256351430494,-0.3398644125,0.385821215,1.00055064166475,6093.97986552187,5226.7549507941
"90","bias_pr[87]",0.512539181765792,0.511675015,0.238261066252002,0.24091227006,0.122386719,0.9021261635,1.00065939661148,5818.2092290053,4922.52779894202
"91","bias_pr[88]",1.32056667964875,1.31567955,0.26550178272129,0.26467946001,0.8950855495,1.759287165,1.00050592673808,6292.6429290749,4990.09693378054
"92","bias_pr[89]",-0.254486787740815,-0.253095555,0.227542004136459,0.226058241507,-0.6300572895,0.123252115,1.00114338756457,6323.96791787847,4521.84609299247
"93","bias_pr[90]",-0.2930632755497,-0.291325025,0.223881824071787,0.222003234138,-0.664451205,0.0757966605999998,1.00034777656222,5677.62232591598,4704.00273516512
"94","bias_pr[91]",-1.9290399569875,-1.925508,0.256813157910962,0.25307715132,-2.366874825,-1.521160455,1.00055984760133,4233.09191196068,4902.00942210488
"95","bias_pr[92]",-0.531234197052969,-0.52963361,0.222798314793746,0.223997872287,-0.9000357085,-0.167618862,1.00052899161709,5992.47995196792,5183.62874739028
"96","bias_pr[93]",-0.186352461317687,-0.186872505,0.224933006697197,0.2260986660786,-0.5572722055,0.1870196805,1.0011259130024,5876.99349115796,4986.82986252168
"97","bias_pr[94]",1.48583361462625,1.4818033,0.276318573657664,0.27758289846,1.04883341,1.952120985,1.00073616991392,5727.11669652229,4841.07375375653
"98","bias_pr[95]",-1.2599341165575,-1.2582609,0.232832895147285,0.23341246383,-1.651588635,-0.883142211,1.00065873120529,4840.21152657,4721.91439276723
"99","bias_pr[96]",0.510498489323541,0.50969168,0.238188323315909,0.236522254395,0.1189312675,0.9034404135,1.00020203867053,6226.79724074576,5311.33467034845
"100","bias_pr[97]",-0.150299188345565,-0.153102395,0.227186955941391,0.228424667766477,-0.517227308,0.2225724215,1.00032702561901,6348.82298510764,5061.74173353497
"101","bias_pr[98]",-0.76863371164975,-0.76725638,0.229726555259195,0.228569321127,-1.1509211,-0.3977936415,1.00014463645003,5358.50679906283,4670.61547299299
"102","bias_pr[99]",0.795907833326888,0.794714855,0.246503955486129,0.246248703435,0.396599905,1.212770435,1.00035350333721,5891.75825576243,4574.85798757225
"103","bias_pr[100]",1.32182908518625,1.3115267,0.26874691653683,0.26926936722,0.8912126765,1.777330655,1.00038785317948,5461.05795770429,5102.2394384975
"104","bias_pr[101]",0.39515280900883,0.395503465,0.230184367353406,0.229562440737,0.01783111065,0.7720589865,1.00099051723288,6231.73864177254,5182.45692841261
"105","bias_pr[102]",0.633917276821438,0.630911105,0.244676386213333,0.242828708472,0.2404460435,1.039836235,1.00095869622821,6209.65236644236,5138.129183081
"106","bias_pr[103]",3.6878261070125,3.66444925,0.504146920479904,0.50269020774,2.9082778,4.56396059,1.00098769153513,11405.4883489563,5063.36642030131
"107","bias_pr[104]",-0.35975659325012,-0.356415435,0.224624990131235,0.221548646739,-0.7348783575,0.00801784744,1.00032432851996,5226.53286367114,4955.47801612706
"108","bias_pr[105]",-0.59797979250375,-0.594533715,0.230422741673894,0.234520203246,-0.9800578275,-0.2253630235,1.00003705050093,4981.49485097508,4969.72528468899
"109","bias_pr[106]",-1.13141351356625,-1.13225135,0.241114668237009,0.236469933441,-1.533411985,-0.7339240945,1.00093355600325,4670.25963322957,4532.51923705738
"110","bias_pr[107]",0.144119473471964,0.144049465,0.230992597464159,0.235078505928,-0.230516708,0.5188146885,1.00187976729644,6412.24969637476,5124.45839022626
"111","bias_pr[108]",0.674004164224112,0.668592905,0.236427868269054,0.235381089762,0.289090154,1.070567375,1.00035648570153,6071.59342937587,5377.99673993662
"112","bias_pr[109]",1.3181644795275,1.31300895,0.267768644338493,0.2656411485,0.8830103705,1.775356445,1.00141576991266,6370.35814934934,4645.48772839902
"113","bias_pr[110]",-1.00928950677,-1.0044174,0.230907534364706,0.230580608874,-1.393009905,-0.6366460165,1.00043936364028,4985.99885344,5003.12304429552
"114","bias_pr[111]",1.3780489058125,1.3713066,0.270813998705584,0.27231262611,0.941375754,1.827416015,1.00011781378806,5671.17320620173,5031.26215075272
"115","bias_pr[112]",1.4874222580225,1.48048605,0.273379652492853,0.27537790161,1.054405925,1.948197065,1.00091255244298,4930.69958702663,4566.40184596096
"116","bias_pr[113]",-0.632688342668496,-0.631541165,0.227447731243657,0.225352501668,-1.00267206,-0.26073584,1.00050212630933,5208.29507146263,4364.0471650161
"117","bias_pr[114]",-1.57817529984125,-1.5780986,0.241616251390958,0.23986874205,-1.98139471,-1.188490945,1.00010710621651,4721.34968503412,5059.70600895255
"118","bias_pr[115]",-0.76884716719065,-0.765483155,0.229501860836982,0.229091263044,-1.14887829,-0.395343705000001,1.00048624008434,5421.49159503664,4894.33349266713
"119","bias_pr[116]",0.716036833901575,0.71313613,0.23721579379107,0.235387679919,0.3281101035,1.110848865,1.00053042999059,5653.44276988558,5048.73439641134
"120","bias_pr[117]",-0.290051219832293,-0.29219649,0.22163333661645,0.224188631016,-0.652255751,0.0778038325499999,1.00011286795612,5457.77002344674,5008.63186791875
"121","bias_pr[118]",0.0232223813306135,0.023273613,0.225242824226481,0.2288719375782,-0.3447998715,0.3902184535,0.999996344938676,5648.68551986704,5427.26572826525
"122","bias_pr[119]",-0.152632830878083,-0.15031069,0.224410375904276,0.224317927576071,-0.522078432,0.2129037315,1.00002065729084,6031.88895873503,5186.11897419463
"123","bias_pr[120]",-0.73283835836935,-0.732977265,0.227422312881964,0.225427869639,-1.110367905,-0.351757194,1.00125480451517,5562.898448367,4500.35854530623
"124","bias_pr[121]",-0.153296730706353,-0.150741125,0.230634288025576,0.22762742957241,-0.5331984835,0.225094466,1.00008782020147,5649.26600708153,4797.26354838087
"125","bias_pr[122]",0.8426356800658,0.836876735,0.246049239424521,0.245599902849,0.4414058045,1.251673695,1.00046512432731,6137.4002121188,5222.47442208097
"126","bias_pr[123]",0.310485492325102,0.304536855,0.237780106670899,0.234043947648,-0.0745515452,0.701457902,1.00105867144525,5942.41583606799,5461.74189641335
"127","bias_pr[124]",-1.1443953066825,-1.139822,0.233685759221958,0.22917749106,-1.53157533,-0.7676452045,1.00018686275615,4765.1160042035,5076.09587428534
"128","bias_pr[125]",1.6041392360125,1.5995971,0.282598587336944,0.27767044599,1.152299005,2.07720766,1.00107142687541,5603.51648964005,5309.87949338654
"129","bias_pr[126]",0.318761155319769,0.318528485,0.23104396808452,0.232267778022,-0.05401464735,0.6973884965,1.00064166105414,5977.25497959302,5019.21457361987
"130","bias_pr[127]",-2.669570949025,-2.6641559,0.291127269194059,0.28453028793,-3.16521728,-2.207041735,1.00146441200437,3922.98890325888,4722.89275800472
"131","bias_pr[128]",-2.781173269425,-2.77337845,0.29912432064383,0.30027535167,-3.28759463,-2.30792167,1.00048016642705,4226.2670916857,5242.63812925022
"132","bias_pr[129]",0.278605830478334,0.27709757,0.237381724800042,0.240086884401,-0.1158866715,0.6586681495,1.00131720253448,6577.24526628574,4631.86288344513
"133","bias_pr[130]",0.335423023561375,0.333584905,0.232680891956296,0.228885678315,-0.04911924835,0.723435313,1.00086536579884,5784.08988592803,4635.03090465259
"134","bias_pr[131]",0.75672709419175,0.74964455,0.244366386394198,0.243161485455,0.3647223065,1.164285065,1.00151421416904,5660.51056569788,4143.41136929311
"135","bias_pr[132]",1.22325642133625,1.2204117,0.268414783573722,0.26654664645,0.789415829,1.67312702,1.00030386706975,5368.94273649694,4464.01146856357
"136","bias_pr[133]",0.83991771713675,0.836243585,0.242292881641907,0.242621389101,0.4507013725,1.242377825,1.00036891291451,6195.74495311322,5206.7558188223
"137","bias_pr[134]",-0.408409288477399,-0.407700795,0.228050901156686,0.227205084498,-0.7841062265,-0.0364699263000003,1.00049674026664,5805.32043733111,4869.06275300032
"138","bias_pr[135]",-0.564176372566375,-0.561149325,0.229001310736391,0.225340900323,-0.935464047,-0.193205895,1.00078465000682,5579.32748848606,4774.01277774205
"139","bias_pr[136]",-0.117132152891631,-0.118240585,0.226446914068337,0.221248583325,-0.4911251795,0.2560976245,1.00033090041194,6041.0071765436,4653.32407848393
"140","bias_pr[137]",0.538922072696777,0.533327705,0.269887896170043,0.267174127248,0.0981372067,0.9863580275,1.00129467378133,7735.72359819582,5341.3542083784
"141","bias_pr[138]",-1.00760853774025,-1.00487035,0.231810253334922,0.229094383917,-1.387350905,-0.6280044705,1.00068418792968,5451.81688783257,5103.34322981978
"142","bias_pr[139]",-0.428824970297538,-0.42732058,0.222973097396265,0.220113586308,-0.7978596,-0.0646447969500001,1.00079064172882,4827.52443302454,4782.48525005213
"143","bias_pr[140]",-0.119900110565458,-0.121060895,0.23154273734256,0.2273211231522,-0.5038481785,0.260462666,1.00102982465957,5974.58229477916,4788.91685722719
"144","bias_pr[141]",-0.190406324458243,-0.19260738,0.223151683152548,0.223048600572,-0.556303545,0.177555379,1.00058480372513,5938.68919616958,5348.63333240719
"145","bias_pr[142]",0.472439607515322,0.471886155,0.235358292417759,0.230022239475,0.08833378445,0.8700567375,1.00076314927367,5871.49194459793,5080.85007150445
"146","bias_pr[143]",0.432972859045383,0.42802664,0.23103391918599,0.22797020988,0.05933543265,0.8180540205,1.00080278613974,6639.88242486487,4925.85500843904
"147","bias_pr[144]",0.504077990793256,0.50065202,0.243353197738728,0.241764438888,0.106514532,0.9095859775,1.00128737762334,5848.25551833571,4690.94518797316
"148","bias_pr[145]",-1.53999948220625,-1.534472,0.239035717501624,0.23950098312,-1.94154722,-1.156554805,1.00171711654195,4247.08808988807,4834.77602374646
"149","bias_pr[146]",-2.141134642125,-2.13729895,0.267017007810014,0.26558251167,-2.59732185,-1.70921729,1.0003581686435,4177.07810314256,4204.39652519116
"150","bias_pr[147]",0.393382646006816,0.390619875,0.233465983555421,0.233642652306,0.00946829882000002,0.774424107,1.00065773240499,6342.64272551895,4048.66757604018
"151","bias_pr[148]",0.529872074658206,0.528635485,0.241444762432626,0.239511079626,0.134569083,0.930553395499999,1.00070502706469,6157.44572744317,5196.7129857107
"152","bias_pr[149]",-0.256278252206328,-0.257419045,0.224573332600148,0.221834669931,-0.623422645,0.118378645,1.00093633685612,5489.3649722707,5037.56756010434
"153","bias_pr[150]",-0.770503917372737,-0.766169035,0.227469908134635,0.231128540769,-1.146749895,-0.4023737735,1.0009585193389,4870.3036669348,4493.41578254389
"154","bias_pr[151]",0.70442625478705,0.70099849,0.241907002044528,0.240910757808,0.311725779,1.102205695,1.00032419041727,5819.75471171889,5584.14929434474
"155","bias_pr[152]",-0.802697267316375,-0.79728422,0.229664684531523,0.221359548522,-1.19297362,-0.427874673,1.0008653371871,5474.98057192698,4635.21990649914
"156","bias_pr[153]",-0.631060750919203,-0.628607085,0.225722625803568,0.223795037781,-1.00122507,-0.250974533,0.999972168566482,5383.32140608187,5322.57026043469
"157","bias_pr[154]",0.5905087596825,0.58988904,0.236555458847537,0.232850573256,0.2104054945,0.985914348,0.99998759730617,5951.22955292347,5270.01403797817
"158","bias_pr[155]",-0.255886571412,-0.256178895,0.229325625650133,0.223225845402,-0.641290904,0.1107398075,1.00035922739755,5303.54774261156,4661.89825898859
"159","bias_pr[156]",0.934251827854875,0.9286529,0.251888520222792,0.246731415756,0.527018508,1.34786619,1.00036076853989,5439.56400213409,4890.39140597169
"160","bias_pr[157]",-0.59603251205873,-0.59459762,0.229215412145689,0.2248118271,-0.973104537,-0.2240589145,1.00101345831213,5625.73149832908,4965.94225678199
"161","bias_pr[158]",1.4906813439925,1.4822298,0.280601317442284,0.28678139364,1.04217114,1.962925315,1.00021647594367,5942.960166154,5331.15157453884
"162","bias_pr[159]",-0.530715104965413,-0.5273113,0.224086481974832,0.221505265863,-0.905547643,-0.1648305305,1.00006370347724,5298.77479899294,4477.46740236842
"163","bias_pr[160]",1.43181961334,1.43090505,0.274405828257065,0.27576864084,0.994389423,1.89778388,1.00026301961736,5388.42444512126,4881.88688674778
"164","bias_pr[161]",-0.794072045810738,-0.791170985,0.235077847004913,0.234143867475,-1.18577537,-0.4115209315,1.00068971141986,5917.5277608593,5525.08168457698
"165","bias_pr[162]",0.632620846666638,0.629375,0.238926463779813,0.234934404621,0.2453726265,1.033420355,1.0003974124823,5715.54164609877,5154.72914423508
"166","bias_pr[163]",-1.04089352232,-1.03826805,0.225667148460101,0.226752350349,-1.416541285,-0.669961506,1.00186012740113,4964.23539716232,5202.1394842082
"167","bias_pr[164]",-0.73446959776225,-0.731679595,0.224114697741215,0.221011226478,-1.10635283,-0.3725271005,1.00029636376404,5323.70395742671,5019.76414821707
"168","bias_pr[165]",-0.326213680113904,-0.32540344,0.222461402057325,0.221982188631,-0.6928491625,0.0378601092999999,1.00006868907569,5896.16735719706,5109.94843399773
"169","bias_pr[166]",-0.257987063485382,-0.254008275,0.220614810684676,0.220892003199,-0.6230684635,0.1032809665,1.00043213717225,5782.47571784587,4984.043816941
"170","bias_pr[167]",-0.151680915118182,-0.150163805,0.221635451228482,0.224017965127131,-0.51297923,0.2158819395,1.00036574670426,5386.31555509665,5254.63364246272
"171","bias_pr[168]",0.170050608899853,0.17191617,0.233141193814924,0.2269870281378,-0.208769448,0.560899174,1.00220884675804,5804.30064528202,4738.80947868828
"172","bias_pr[169]",0.357444866111858,0.35461178,0.232350724720396,0.22739903823,-0.0249020248,0.7481677855,1.00027334013559,5643.88019599952,5296.82834983207
"173","bias_pr[170]",1.06036557394075,1.05287855,0.264061937078955,0.25938672627,0.638469178,1.508829905,1.00027656619388,6620.28271642103,5397.8298708413
"174","bias_pr[171]",-1.1664408950175,-1.16606145,0.261262068032346,0.259609909461,-1.60180068,-0.7392153745,1.00078349379994,6173.59813677912,4651.23744651775
"175","bias_pr[172]",-1.500778145845,-1.4967988,0.262960287013768,0.26306943054,-1.951249925,-1.07788409,1.00123991478418,5210.21530031881,5202.55652050879
"176","bias_pr[173]",-0.768518566576987,-0.766755595,0.222660532972243,0.223445618613,-1.142716595,-0.406330988000001,1.00032882507409,5055.93771052725,4811.79411494581
"177","bias_pr[174]",-0.598283635722675,-0.59849559,0.229983728388922,0.229070476992,-0.975593576,-0.220829785,1.0006367979319,5778.42724169161,5053.93887437238
"178","bias_pr[175]",0.217177735389607,0.21839948,0.23152862108312,0.233253225177,-0.1634058505,0.6017411945,1.00038840950152,5916.85316534826,4901.07630234497
"179","bias_pr[176]",0.843419440126625,0.84138013,0.250402945028773,0.247099856682,0.4325760605,1.256859785,1.00048497937771,6222.68121216111,5001.12602178175
"180","bias_pr[177]",-0.496785662700206,-0.491687165,0.221369833115495,0.217607139813,-0.8692228315,-0.1341175245,1.00065269517469,4895.99427341118,4756.35443921351
"181","bias_pr[178]",-0.117503435771046,-0.116952855,0.226838862681819,0.2297136763152,-0.493375943,0.253043105,1.00054112272319,5972.88725006276,5443.54142529788
"182","bias_pr[179]",1.07125986552625,1.06291985,0.258575447115111,0.259185485559,0.6522530155,1.509566455,1.00019775845593,6356.24921445301,5066.65745706962
"183","bias_pr[180]",-0.427779930637496,-0.42383574,0.227375381201184,0.229932393915,-0.8014594375,-0.0537998095000003,1.00207708604942,5460.71916548384,5342.67091161742
"184","bias_pr[181]",-0.871595527030774,-0.86541686,0.225322306316089,0.228322216185,-1.2483561,-0.506763205,1.00141953285135,5412.3506345637,4950.26822203691
"185","bias[1]",0.57676335433625,0.57715882,0.0396193028597589,0.040416283866,0.5117787035,0.6414468635,1.00079880688974,18181.6777330369,5845.22026202282
"186","bias[2]",0.69204059301125,0.69267396,0.0364458185534847,0.036431544324,0.631219376,0.749722595,0.999911372358427,23051.1051976617,4950.95049203726
"187","bias[3]",0.51153551454375,0.511410955,0.0416521730464311,0.041841292269,0.443978516,0.5805486865,1.00099529055353,19371.1137898759,5835.59780915487
"188","bias[4]",0.4348054092625,0.43464463,0.0395725926304525,0.039641454867,0.369671646,0.5007102825,1.00164641997128,19085.7982801566,5528.96708632547
"189","bias[5]",0.4820572670125,0.481719135,0.042001738552778,0.042937141233,0.4134952,0.551452772,1.00011993007318,20308.6409173819,5023.75625193239
"190","bias[6]",0.55074204638875,0.55114236,0.0397111857592196,0.040516967232,0.484792246,0.61589448,1.00070535356428,18339.0533714591,5767.02977687221
"191","bias[7]",0.832743263475,0.834349595,0.0295620684395819,0.029412582339,0.7809365975,0.8795158875,1.0009730001412,20388.208604089,5516.15103002778
"192","bias[8]",0.5760817093175,0.575730855,0.0386559210154742,0.038716801725,0.5120704185,0.6392849475,1.00003451884398,20194.6714987251,5692.27390204935
"193","bias[9]",0.77427465362625,0.77488219,0.0333598740553251,0.033191677848,0.717411686,0.8271919945,1.00162830925572,20711.859448352,5547.7041213923
"194","bias[10]",0.8200872487825,0.82150779,0.0313195891709054,0.0311027908169999,0.766155684,0.8689744845,1.00073048562554,18925.6550123412,5495.41812458923
"195","bias[11]",0.76924802163,0.770488455,0.0338216494240442,0.03432055914,0.711845274,0.8224395165,1.0001855341142,21281.1247985486,5207.17088278934
"196","bias[12]",0.79430530370375,0.795393385,0.0322883823726345,0.032099868969,0.738238298,0.845955587,1.0014111434646,20074.9516913392,5173.39335156045
"197","bias[13]",0.81354008484375,0.814644555,0.0308963916601467,0.03075253398,0.76060786,0.8620018185,1.00236808032055,20939.163695505,5332.45717206637
"198","bias[14]",0.7498015951175,0.750834295,0.0350029330454609,0.035235894141,0.690187796,0.8046701635,1.00009717720633,21557.7616432483,5416.39952814104
"199","bias[15]",0.82660308294625,0.82815228,0.0301285189500127,0.0305209740989999,0.774903896,0.8733926345,1.00235257758158,18859.277840766,5892.11558942658
"200","bias[16]",0.83287786545125,0.833907745,0.0295727544868542,0.029013496071,0.782817623,0.8794517785,1.00043929228796,20858.4322765922,5743.2597442963
"201","bias[17]",0.49899737430875,0.49883047,0.0403785289040358,0.039994054212,0.4332365525,0.5658513105,1.00077028494996,18249.5759457958,5384.08068628912
"202","bias[18]",0.5446616969375,0.544574925,0.0392462344809405,0.040247045076,0.4801163665,0.6086241755,1.00105916423466,20363.6370774479,6012.55833926734
"203","bias[19]",0.64112927436375,0.64219009,0.0380653062779669,0.037888310019,0.576291604,0.7027665365,1.00043537149785,19591.1522761432,5978.51124990857
"204","bias[20]",0.47948799606,0.479204625,0.0395020995883999,0.0390922182839999,0.414888442,0.543882727,1.00077912850969,20862.789948122,5653.49936279084
"205","bias[21]",0.58292565985875,0.583448615,0.039585051337569,0.040234591236,0.5170027785,0.6473128445,1.00149402620665,18423.8528321422,4747.72858808336
"206","bias[22]",0.5541979856175,0.554452405,0.0390378428426839,0.039493684125,0.4896006535,0.616517461,1.00083752524636,18653.1219885281,5149.04455792686
"207","bias[23]",0.454449757785,0.454524905,0.0400425305209427,0.041029553943,0.389242338,0.5204957315,1.00171793597641,20293.8610952814,5470.88830913108
"208","bias[24]",0.516041621165,0.515898225,0.0403936600411834,0.040193834562,0.4487155115,0.5824410165,1.00124484945213,21067.3691625893,5894.88860495498
"209","bias[25]",0.88437113257375,0.885926995,0.0256567914609585,0.025603189899,0.839537967,0.9233173155,1.00118802803215,17918.4003143914,6014.10466266522
"210","bias[26]",0.50522393390125,0.50550879,0.039035655972089,0.039539222184,0.4409202185,0.5702666795,1.00013837881701,20260.6672763368,5487.64533723739
"211","bias[27]",0.467075106525,0.467222375,0.0400065724903087,0.0404495608230001,0.401195354,0.5318168315,1.00083420951401,20517.0763698715,5442.64306092053
"212","bias[28]",0.62132780762125,0.62209292,0.039391856733785,0.039416692707,0.5553828585,0.6848312565,1.00102621573567,20513.7632870638,5602.45955527057
"213","bias[29]",0.69189370171375,0.692639705,0.0368859036205851,0.036416280957,0.6296767525,0.7512028675,1.00025142368558,16398.0269039065,4773.3618241978
"214","bias[30]",0.8458969040675,0.84732956,0.0288369280518455,0.0287126246400001,0.795958576,0.8903674535,1.00065460054523,19085.3244841237,5351.87754043265
"215","bias[31]",0.3701574707075,0.37023838,0.0387007697289185,0.039236171331,0.3074630575,0.4350650055,1.00233929623026,19922.1794718465,5714.38401635005
"216","bias[32]",0.73006641339625,0.73082317,0.0355990059016194,0.0359724720599999,0.6695901605,0.78734415,1.0001578839666,19716.1298667105,5481.68432383216
"217","bias[33]",0.53763742746625,0.53786462,0.0398352982073759,0.039969620964,0.4717945005,0.6032132855,1.00031219777875,16768.0524854032,5824.53926010368
"218","bias[34]",0.97742501577875,0.979340525,0.0119589210180272,0.011147024469,0.954704699,0.9930279605,0.999823210722208,14879.8448326899,5871.64132136326
"219","bias[35]",0.56349642025875,0.562960715,0.0394974980158468,0.039180180942,0.499352052,0.628703671,1.00108720593001,16675.7424214321,6085.16681849111
"220","bias[36]",0.57627196903375,0.577084785,0.0391704934907583,0.038914506435,0.5113567325,0.6394357175,1.00107794842139,20119.2642171704,5224.52270822461
"221","bias[37]",0.6536055790875,0.65450769,0.0377369562569171,0.0376002408390001,0.5906774535,0.7147356295,1.00067812754357,18295.0153359175,4903.95513465555
"222","bias[38]",0.62154127600625,0.622180965,0.0398072677685548,0.039949650342,0.5557409915,0.685581053,1.00053382257478,19934.8407271417,5211.45304713871
"223","bias[39]",0.55343696275625,0.553332415,0.0402369709654741,0.0405177159450002,0.486480132,0.6188151035,1.00084487135432,17752.9601959967,5513.41462167937
"224","bias[40]",0.46022063039875,0.459924055,0.040267787862425,0.039834074259,0.394194031,0.5261938635,1.00063206344798,17547.5253532145,5112.12899313945
"225","bias[41]",0.70467982589,0.705570455,0.0364645426001964,0.036890164395,0.642975922,0.76331313,1.000331717058,19431.2402046479,5473.18499747405
"226","bias[42]",0.58653362498375,0.58739686,0.0393776163092127,0.0393510580049999,0.520339653,0.649958041,0.999992885902429,19784.736478062,5473.23399538394
"227","bias[43]",0.58642366921125,0.58636045,0.0396176963546515,0.039228973308,0.520147674,0.6516699365,1.00198866496757,19571.5930097122,5284.73603571375
"228","bias[44]",0.56438812844,0.56500746,0.0389387338518619,0.038785386801,0.499198188,0.628037307,1.00287946020274,19526.4654786446,5324.70603288894
"229","bias[45]",0.64056664748,0.64118578,0.0378773793605594,0.037360074465,0.5768642605,0.7013428775,1.00014331909828,19632.6653634012,5657.64628919642
"230","bias[46]",0.63399474033875,0.63469419,0.0390415182175729,0.039008147451,0.568887431,0.69646821,1.00118474670494,20563.5387111495,5906.66013021287
"231","bias[47]",0.73720035979125,0.738274075,0.0345798898965554,0.0351127345589999,0.679322369,0.7931710325,1.0004784171586,17063.7628213605,5548.69252020321
"232","bias[48]",0.6595690455325,0.659921545,0.0381484197188234,0.03934642488,0.5966891395,0.720495659,1.00095982373318,19650.5291606751,5423.26106563303
"233","bias[49]",0.602706479985,0.602876165,0.0389386954965913,0.0392581286370001,0.53614473,0.667299961,0.999930043015237,19414.9240982311,5551.9132197975
"234","bias[50]",0.66600115610625,0.66618674,0.0375411382625703,0.038117860977,0.602677467,0.7270893205,0.9999311496346,18694.6963357007,5400.35247585669
"235","bias[51]",0.55666100657375,0.55704677,0.0397222709032596,0.0400693109880001,0.49026072,0.6217613655,1.00118267911511,20088.4340740845,5696.97042449056
"236","bias[52]",0.42228771571375,0.42180415,0.0392021097532573,0.039091551114,0.357787215,0.488628034,1.00119277156332,18161.9821326204,5201.13190640372
"237","bias[53]",0.5414022789075,0.54089876,0.0398212145181293,0.0387901237079999,0.475400136,0.608144757,1.00134707351445,19042.9769533198,5522.20085585432
"238","bias[54]",0.53814461388625,0.538598715,0.0390229632010673,0.0398381365829999,0.4749067925,0.6016845395,1.00068473281745,21331.0183469283,6077.4787724648
"239","bias[55]",0.61154524283,0.611631665,0.0389943714300177,0.039529488915,0.5472689705,0.6750227755,1.00023261136879,19418.4100707659,5778.21641283899
"240","bias[56]",0.6706070770475,0.67131056,0.0390225454823174,0.038619839685,0.605402736,0.7340529175,1.00163770277958,20296.4259931542,5330.65802533759
"241","bias[57]",0.48646775534,0.48587668,0.0400714278551492,0.040962777639,0.4211260315,0.551832817,1.00174435506862,19365.0817501174,5451.49270946869
"242","bias[58]",0.83950182746625,0.841342,0.0292901887984538,0.029228999394,0.789112898,0.8853249145,1.00041356408954,19608.5136419504,5550.38826075128
"243","bias[59]",0.5383309091825,0.538788225,0.0406388076968145,0.041661393585,0.471863698,0.6034684545,1.00055792170637,19610.9485909724,5617.57502085677
"244","bias[60]",0.5580951310125,0.55832767,0.0404725247995802,0.040621987203,0.4910167035,0.624572883,1.00061083977457,21635.1703716249,5389.38953812648
"245","bias[61]",0.189820800945625,0.18830129,0.0314492887203572,0.031127364912,0.1400574755,0.2429046905,0.999990595620557,17238.7359863822,5315.71371049103
"246","bias[62]",0.383337942405,0.383005435,0.0383164515756768,0.03821690607,0.3203762895,0.4480539365,1.00169262042118,18379.4054763785,5785.9156365648
"247","bias[63]",0.71561415934375,0.71635365,0.0366305568318907,0.0379919215200001,0.6540759195,0.773590708,1.00119406066506,20888.0942562999,5752.60968951679
"248","bias[64]",0.6277528737475,0.628523675,0.0380683716747627,0.0376681365059999,0.563178367,0.68915068,1.00128965107922,20349.7840253659,5867.14960886491
"249","bias[65]",0.78186175733125,0.783379015,0.032941205055647,0.033479509812,0.725105805,0.8333735945,0.999777755564373,18222.6252976555,6179.66181288436
"250","bias[66]",0.5125233418725,0.51276822,0.0403263371242368,0.041150867688,0.4445140765,0.5788363735,1.00084424615835,18993.3961743766,5449.83441079668
"251","bias[67]",0.68583023895125,0.68701211,0.0372437557995305,0.037151828469,0.622676942,0.745173498,1.00017954747907,23494.8524623046,5345.72275814295
"252","bias[68]",0.92169938595,0.92297471,0.021019299632847,0.020780529315,0.8845021525,0.9534419975,1.00088136585126,17703.3749486418,5910.74719788973
"253","bias[69]",0.56366467822,0.564311265,0.0407163024721212,0.0411409713329999,0.496684549,0.6301542845,1.00090083120355,21849.1965395908,5473.27985487185
"254","bias[70]",0.80759320579375,0.80888036,0.0315315587467204,0.0314063086889999,0.753086567,0.856969263,1.00003716252242,18420.0846820709,5270.39212707284
"255","bias[71]",0.60255344498,0.603103895,0.0398385248300451,0.0399271889519999,0.5375753765,0.6673548855,1.00051112716763,20387.6093588522,5126.86518947182
"256","bias[72]",0.77537266080375,0.776667475,0.0336519590873503,0.033702604047,0.7177834515,0.828846576,1.00086380596839,19048.0554731282,5155.56482940767
"257","bias[73]",0.46755526974875,0.467412935,0.0404161221825239,0.039687207903,0.401496891,0.534426068,1.00293613555839,20445.2427837235,5481.66331661064
"258","bias[74]",0.76289953001625,0.764249945,0.0339333127422111,0.033575456271,0.7043623945,0.816585376,0.999921287204506,19579.920920075,5512.87681044392
"259","bias[75]",0.63379739805375,0.6341897,0.0381922273165002,0.0381765348719999,0.5705666125,0.6956950945,1.00042303712928,19558.6680502651,5337.5693106201
"260","bias[76]",0.81408359802125,0.815510455,0.0300927456432734,0.0303555900689999,0.762934985,0.8613107885,1.00018597709596,17531.3259732612,5566.11734150028
"261","bias[77]",0.5438615692625,0.54434258,0.0395889460863341,0.0388882421760001,0.478464274,0.6093270625,1.00101798310199,17976.0491834874,5854.46188264386
"262","bias[78]",0.59539605314125,0.595879215,0.0393704762580353,0.039318759564,0.529787102,0.659050882,1.00106632194181,22070.6289144146,4879.01406409468
"263","bias[79]",0.60825657271125,0.608279195,0.038710298246111,0.039244829715,0.5444797765,0.671834727,1.00159471706482,20421.345363025,5956.57698564761
"264","bias[80]",0.4991847612375,0.499043635,0.0396921247242245,0.0398217612660001,0.434097433,0.563404595,1.00031050503819,18841.6091984839,5621.15523858366
"265","bias[81]",0.2412032968125,0.239769675,0.0342719266033737,0.034177814412,0.1868747365,0.29968698,1.00070972166357,17806.2297051542,5504.72661658961
"266","bias[82]",0.8519273392275,0.85348434,0.0280111238551544,0.028123283727,0.803875228,0.895832901,1.00016016556544,19967.4972458415,5139.33742143748
"267","bias[83]",0.2933246796325,0.292667,0.0364633622320427,0.036685031859,0.234634026,0.354640978,1.00056042145154,20443.7651914877,5622.30822244147
"268","bias[84]",0.60190671999375,0.602780855,0.0399859998964678,0.039749847753,0.534384008,0.6661765915,1.00003425254862,18520.0556927284,5081.19835851697
"269","bias[85]",0.5795932574925,0.57988225,0.038710208443342,0.038234208012,0.5150460385,0.642675141,1.00068863188134,18867.8671350375,5167.61937277424
"270","bias[86]",0.62760011697875,0.628219325,0.0379414299964214,0.037269798951,0.564284418,0.6884510055,1.00098234311813,20010.815233324,5333.56692940836
"271","bias[87]",0.71147992808375,0.712719945,0.0364476165969151,0.036450558669,0.649161556,0.769682375,1.00159366949229,18137.7258490271,5287.39969237702
"272","bias[88]",0.82632811208875,0.827805705,0.0300242374207989,0.029844263568,0.774887808,0.8728694045,1.00037535407921,21460.556512896,5341.21643459027
"273","bias[89]",0.57680044791875,0.57697383,0.0399763284915337,0.039786593994,0.511160819,0.642011031,1.00206954360403,20061.7609211156,5217.7203473337
"274","bias[90]",0.56959778489625,0.56960308,0.039373026083286,0.039540059853,0.504800913,0.6331817765,1.00033206761566,21321.8633974,6100.3578093277
"275","bias[91]",0.27375998165625,0.27270352,0.0360879781981565,0.035963368896,0.2157986735,0.3354854325,1.00078875561,18128.3339418061,5546.84103655875
"276","bias[92]",0.5247863211875,0.52452988,0.0396032167984156,0.040108992777,0.459018151,0.5895629615,1.00041086512083,20434.5024338427,5897.00076513445
"277","bias[93]",0.58942130803625,0.58956242,0.039338804667555,0.0401679706050001,0.523312403,0.653303729,1.00065861002024,20371.6219389983,5441.33294886554
"278","bias[94]",0.84553545886625,0.84680503,0.0286716881587986,0.0288748952100001,0.797113433,0.8906750795,1.0012152197436,19354.6217625349,5299.30672578742
"279","bias[95]",0.38812565296125,0.387709555,0.0389798837695518,0.039288744327,0.3246898455,0.453340165,1.00096698921319,20139.7207476142,5564.10420439428
"280","bias[96]",0.71114725377375,0.711804255,0.0364973191834842,0.036829392621,0.6503369635,0.769391804,1.00040083888943,21294.425260262,5887.69625554365
"281","bias[97]",0.596108414705,0.596742025,0.0393344338167748,0.0393072916530001,0.531395305,0.6600330785,1.00052554011028,20409.7536704833,5701.91862689055
"282","bias[98]",0.4797949058,0.47986504,0.0406506981816566,0.041148754983,0.412982592,0.546627842,0.999930944744975,17429.3929474183,5484.94783132118
"283","bias[99]",0.75551843268375,0.75638061,0.0342725529216522,0.033546441789,0.697194835,0.8097004325,1.00036794307937,20483.9969536114,5301.87196841824
"284","bias[100]",0.82645768871,0.82823766,0.0301863138330518,0.030453330474,0.7745048915,0.874064637,1.00181396595887,17944.9496601162,5493.3483441038
"285","bias[101]",0.69227944472,0.69346049,0.0362618346725088,0.0359820125909999,0.630984623,0.749858009,1.00111738379113,20615.067481021,5732.15127645675
"286","bias[102]",0.73078073179,0.73211305,0.0361234358379392,0.0362475981420002,0.669868663,0.788253041,1.00101324092716,18598.9262757699,5167.56259048969
"287","bias[103]",0.9784895648425,0.98047946,0.0118229286508778,0.011012893647,0.956006833,0.993813454,1.000658002238,15571.246390199,5069.00739396406
"288","bias[104]",0.557089138715,0.55736172,0.0398064121706624,0.0398546082690001,0.490756385,0.6226492675,1.00084506533467,18078.8874549544,5884.65035666036
"289","bias[105]",0.51216071472875,0.51251463,0.0408484764092667,0.0412408392690001,0.4442906485,0.578729516,0.999865938874855,19423.9282974023,5589.84254050205
"290","bias[106]",0.41177717391625,0.411015115,0.0410443700940163,0.03962900844,0.345119536,0.481757704,1.00078879253899,20659.3068809552,5137.5977277074
"291","bias[107]",0.6491252021375,0.650057205,0.0385133868891418,0.0393377071919999,0.5851224615,0.7104758185,1.00170315427554,21195.1332378176,6471.72974006537
"292","bias[108]",0.7370755559775,0.73818625,0.03448015131054,0.034384562982,0.6780558835,0.792498767,1.00082056229845,19943.4400552651,6017.56876952546
"293","bias[109]",0.82602230833125,0.827462665,0.0300437351918385,0.0299473413330001,0.773482564,0.872740596,1.0009630952229,20017.6657222499,5545.99510570417
"294","bias[110]",0.43448622708125,0.434016735,0.0396477731556982,0.0405057439499999,0.3696631875,0.5005796775,1.00072980141132,18569.3311187067,6378.7976678937
"295","bias[111]",0.8331523690925,0.83437452,0.0294623720939355,0.0296109764580001,0.782778486,0.8787820895,1.00040455071549,19547.6281604217,5224.75819336574
"296","bias[112]",0.845772260905,0.84693217,0.0283028050121035,0.028817177592,0.797347485,0.8899127325,1.00046517120519,19029.5247002725,6065.56635903117
"297","bias[113]",0.50557023377875,0.505020045,0.0404523131896119,0.040649941626,0.4387918995,0.570686789,1.00092629338506,19154.915911966,4741.8519961902
"298","bias[114]",0.33171652682,0.331104075,0.0374541740261213,0.037462314561,0.271129717,0.393863759,0.999908312843659,17655.733837347,5405.86977395012
"299","bias[115]",0.479797197445,0.47960983,0.0404382463692119,0.041235442605,0.4137207615,0.5469160915,1.00055114786299,20135.9618495928,5199.00585773261
"300","bias[116]",0.74357708382875,0.744806085,0.0340098405082785,0.034496847693,0.6859499255,0.7980292925,0.999885983061908,22278.9793359309,5741.28694532308
"301","bias[117]",0.570201848555,0.570577525,0.0388559262279316,0.039420740205,0.506247202,0.634407261,1.00005942227089,19861.7638477941,5958.96460167205
"302","bias[118]",0.62765985464375,0.627942915,0.0382575412203377,0.038298360114,0.563214053,0.690681148,0.999973194799489,19821.8942027634,5917.88492285195
"303","bias[119]",0.5956593552225,0.59652068,0.0389074183499158,0.038687290572,0.5297418185,0.658571981,1.00021865476914,19611.6637956732,5312.41286130108
"304","bias[120]",0.48660525958375,0.485865155,0.0400573495191754,0.039832065336,0.420614692,0.5535445115,1.00189854752031,19437.9835649124,5068.04000923019
"305","bias[121]",0.59550621587375,0.596477645,0.0400609475795976,0.0394314297509999,0.529181447,0.660001387,0.999850556208177,21307.7685360949,4974.90490533547
"306","bias[122]",0.7624248994375,0.763401995,0.0337431580408226,0.033749950878,0.7049040205,0.8153693335,1.00012001264099,20601.8066803502,6066.87875913586
"307","bias[123]",0.6778745107025,0.6783792,0.0381450292870787,0.037713845064,0.614046452,0.739986085,1.00216288831536,19685.9437281152,5530.763515585
"308","bias[124]",0.4093418068975,0.40930069,0.0394512405871401,0.038741472189,0.345336569,0.4747656515,1.00019205489386,19987.3504640535,5838.69218428172
"309","bias[125]",0.858386642555,0.859782965,0.0277177598392908,0.0276132322619999,0.810914891,0.9009176205,1.00085739555261,19391.2593977386,5218.93724388967
"310","bias[126]",0.6793557829975,0.680115415,0.0370493740118969,0.0366762696930001,0.6173586885,0.73884958,1.00085010833912,18387.2965449616,5634.49534557265
"311","bias[127]",0.170718981051,0.169193725,0.0304623641683913,0.030451625484,0.1231194755,0.2231308585,1.00090896798616,17268.7557506653,5569.9832107158
"312","bias[128]",0.157742226404125,0.156267145,0.029375964094164,0.029663000892,0.112045262,0.20922015,1.00063076271161,17694.0982709916,6304.79183271136
"313","bias[129]",0.67245773059375,0.672968315,0.0385007980876432,0.0397533022110001,0.60863805,0.7341380815,1.00101323950697,20183.9790879259,5580.37258227541
"314","bias[130]",0.68216342919875,0.682926905,0.0373428676120419,0.036894775281,0.619409759,0.7421550615,1.00141334772153,19101.4534957238,4963.41640614179
"315","bias[131]",0.7496723788875,0.750427225,0.0346292993345235,0.034670756673,0.6912051885,0.8055840295,1.00152590481861,20481.2716925621,5125.48205721383
"316","bias[132]",0.8142294165175,0.81560841,0.0318659741670589,0.032175933762,0.760107531,0.8638581745,1.00045495179709,19818.68193508,5541.23679197412
"317","bias[133]",0.7620677529975,0.76316462,0.0333400030435496,0.0336412021679999,0.7054228865,0.8145975675,1.00032436829043,21008.3002496165,5550.58268268245
"318","bias[134]",0.54797686728,0.547996585,0.0405155342591718,0.0415953808200001,0.4815811895,0.6146966485,1.00050017191499,21353.4671651822,6204.11110993219
"319","bias[135]",0.51857704475,0.518764285,0.0403029880277426,0.0403672098059999,0.4528269385,0.5842954635,1.00099015759238,19997.4670897095,5063.01673221521
"320","bias[136]",0.6021706254,0.60304685,0.0393524392914936,0.038856536775,0.536042091,0.666852279,1.00014460336021,19331.6334296703,5224.34635203009
"321","bias[137]",0.71541099109625,0.716472595,0.0415434182314724,0.041285628615,0.6454420305,0.7806464445,1.00094964664211,18693.9624581803,5618.92191218834
"322","bias[138]",0.43480423782875,0.43431892,0.0402128705487938,0.040294866339,0.37018594,0.501176885,1.00047024730375,18506.3608780315,5248.62045246852
"323","bias[139]",0.5441255268525,0.544459835,0.0395497860264372,0.039292132068,0.4783074325,0.6083488085,1.00072773269201,18838.7716206342,5478.84477018892
"324","bias[140]",0.60164258945625,0.60245122,0.0400751672358623,0.040111439067,0.534494836,0.666270293,1.00093987834642,18524.511797387,5193.75763443629
"325","bias[141]",0.58870186875125,0.58923354,0.0390506134789069,0.0392271941879999,0.5240104605,0.6530145005,1.00019760068261,17431.9444451454,5480.76171160182
"326","bias[142]",0.70500362748875,0.70607217,0.036173184009035,0.0353714186069999,0.643361443,0.763592201,1.00050818285684,19818.4774196083,5538.37119406141
"327","bias[143]",0.6985404907325,0.699392255,0.0361371460404353,0.036201081567,0.6376142445,0.756222283,1.00208716584763,18656.90540163,5590.94927942078
"328","bias[144]",0.71006048187875,0.710943375,0.0373970714146446,0.0370724055869999,0.646459567,0.770213473,1.00133684689659,20752.9489343069,4998.4372109704
"329","bias[145]",0.33824025791625,0.33738024,0.0373594038706665,0.038090032575,0.277530751,0.3995850955,1.00099589272346,20090.2248093409,5723.49072098505
"330","bias[146]",0.24138305014,0.2398166,0.0346566127026356,0.034823293974,0.186513643,0.300679661,1.00044659162281,18145.3986749386,5690.65756548673
"331","bias[147]",0.6918730948,0.69247394,0.0366035368894603,0.036749376699,0.630155634,0.7502178665,1.00080993494095,19686.3178132255,5131.29751283757
"332","bias[148]",0.71426428283375,0.715842175,0.0368597137816285,0.0369091861529999,0.651577533,0.7723651995,1.00105394645229,18779.8816079899,5632.19651619415
"333","bias[149]",0.57646683659375,0.57655687,0.0393048739231339,0.039506790309,0.5124991655,0.641059664,1.00076962684058,20706.6808080939,5638.533610149
"334","bias[150]",0.47943622835,0.479482495,0.0399786398485961,0.04117662045,0.4145208395,0.5453813455,1.00136902068366,20381.5720749574,5111.16529646115
"335","bias[151]",0.7417076709075,0.743044795,0.0347045946797111,0.0345950773560001,0.682616942,0.7976244595,1.00030474457666,22443.8931160229,5472.38571427278
"336","bias[152]",0.47334966955125,0.47318863,0.040408950393333,0.039720937053,0.405918764,0.5401557365,1.00114377397131,21354.2842140261,5623.87686549195
"337","bias[153]",0.50586708119125,0.505977645,0.040038616068121,0.039865497966,0.439264963,0.5735326865,1.00022349576344,18970.2737323733,5624.06934462648
"338","bias[154]",0.7239802566625,0.725199605,0.0352814793003891,0.034495832112,0.663601059,0.781269114,1.00041878583717,18333.5913342466,5567.61089847626
"339","bias[155]",0.57651393551,0.577175265,0.0399634668484798,0.03941210406,0.509456818,0.640583813,1.00063091186406,18377.8160615564,5062.09842766505
"340","bias[156]",0.7755568705525,0.77685777,0.0335300057016557,0.033397774074,0.7182358205,0.827909406,1.00040614005108,19699.1323027525,5231.41141449284
"341","bias[157]",0.5124900146025,0.51234856,0.0407603632498588,0.040378232937,0.444823346,0.580637913,1.00081773037771,20334.8250180605,5672.48111716106
"342","bias[158]",0.84601816566125,0.847314065,0.0293711794426656,0.030307983783,0.795617783,0.8912172535,0.999981982529675,18901.1067030035,5450.83590943869
"343","bias[159]",0.52489353655375,0.52516722,0.039535326182839,0.039361265706,0.4596576185,0.589530302,0.999846059985496,19251.8617225668,5235.60493945417
"344","bias[160]",0.83940766081625,0.84142131,0.0292369731430545,0.029606328507,0.7889680225,0.8851205,1.00018667652604,19057.8820009338,4994.30918411445
"345","bias[161]",0.4750173087425,0.474946795,0.0416547000636761,0.042048708009,0.4057263005,0.543767435,1.00115171993351,21198.2212363593,5741.28640771872
"346","bias[162]",0.73062731408875,0.731751465,0.0350388113131174,0.034881285873,0.6712248385,0.786862271,1.00047975418482,18527.6890115444,5351.51412059421
"347","bias[163]",0.4284891861875,0.427903285,0.03879822764428,0.0389613640079999,0.3659435025,0.4927931935,1.0028861658377,16767.0680075073,5223.17187521483
"348","bias[164]",0.48623515404,0.485815585,0.0396461333565834,0.040314288399,0.4212831015,0.551324739,0.999941286109281,19744.6029719268,6021.46668184236
"349","bias[165]",0.5634164910075,0.563506275,0.0392800514916628,0.039669772527,0.4989241365,0.6269416625,1.0002000053733,18915.5792449765,5450.59918546822
"350","bias[166]",0.576128813825,0.57614512,0.0386924692351361,0.038896641105,0.511866413,0.6398913735,1.00082713474404,18625.4136096168,5424.17795926234
"351","bias[167]",0.59584140168125,0.59668418,0.0382443129156502,0.039450103098,0.5330508795,0.6583577405,1.00072759252586,18679.8853047162,5939.47648873741
"352","bias[168]",0.65366537979,0.654765075,0.0386727771207138,0.038331303486,0.5876406255,0.7163765575,1.00197966186932,21138.897030928,5333.77588191117
"353","bias[169]",0.68589378864125,0.68692094,0.036660629280015,0.0366278553900001,0.6237380845,0.7450531175,1.00068307818688,21130.9209186035,6034.73919651133
"354","bias[170]",0.79292950701625,0.79435801,0.0333329848956909,0.033509673309,0.737042904,0.8449087815,1.00053200194258,19620.2399440938,5316.40352823417
"355","bias[171]",0.40541170028625,0.405109165,0.0449506127096851,0.045687564384,0.332258037,0.480595327,1.00045583856155,21423.1756892081,5475.16197265295
"356","bias[172]",0.3452989276325,0.34466284,0.0423339358923612,0.04183637745,0.276084133,0.41666353,1.00062776126087,18296.5317604588,5808.03375456266
"357","bias[173]",0.479827697335,0.479885335,0.0390966009586102,0.03895879911,0.4158172085,0.545442599,0.999754961965666,20707.2413920637,5296.64695941832
"358","bias[174]",0.51209872689625,0.512389085,0.0409524926622944,0.0404713031519999,0.444010141,0.580231113,1.00031331664966,20840.0467543673,5341.5093146374
"359","bias[175]",0.66192355706125,0.662607075,0.0379650976643001,0.0386450661240001,0.598504712,0.72272396,0.999691321892474,18254.7827230876,5383.3092699228
"360","bias[176]",0.76247121439375,0.763525955,0.0343943002391767,0.033573721629,0.703321616,0.817436579,1.00048975010964,16374.5140887361,5783.30794945664
"361","bias[177]",0.53129999839125,0.531431505,0.0392195986097828,0.039066265371,0.465470862,0.595121911,1.00014723651945,18986.72124172,5581.70593288664
"362","bias[178]",0.602079163685,0.60242126,0.0392781759789303,0.040090082214,0.5365994815,0.6665150225,1.00060441520938,19227.0386734844,5539.52813225707
"363","bias[179]",0.79442298716125,0.79572657,0.0324043388523131,0.0322436811690001,0.738496432,0.8464398085,1.0012250211708,20812.942882966,5359.63888238948
"364","bias[180]",0.5443276230225,0.54485476,0.0402828777501769,0.040539376731,0.478128883,0.6101535505,1.00182221486873,19403.5728753304,5157.08362378059
"365","bias[181]",0.46031054652,0.46007653,0.0397070815891907,0.040429857069,0.3952013335,0.525498433,1.00185947619774,20947.7154781987,5982.61897026242
"366","log_lik[1]",-101.4275031975,-101.16639,0.668370876365771,0.301894425000004,-102.758176,-100.9465095,1.00326264747636,3457.95332624511,4209.88974189332
"367","log_lik[2]",-91.37811831825,-91.1209475,0.669039871332586,0.286840104600004,-92.70814,-90.91227745,1.00034951244329,2782.03383860716,3393.14528610821
"368","log_lik[3]",-103.09821807125,-102.815715,0.722980270128716,0.335052774000004,-104.5716465,-102.57417,1.00097084168652,3332.40817053,3775.23022755981
"369","log_lik[4]",-101.4434901075,-101.171945,0.693639183621188,0.310649177999991,-102.8879815,-100.9466495,1.0020168975561,3528.92346724624,3996.78393096228
"370","log_lik[5]",-95.286574614375,-95.0179445,0.706371681636772,0.319091102399999,-96.69271785,-94.78462345,1.00031783043167,3056.04893146802,3543.65226061508
"371","log_lik[6]",-102.40280853625,-102.14181,0.663705639507744,0.302984135999991,-103.7407855,-101.9244595,1.00084145158756,3316.49728194088,3809.60852738217
"372","log_lik[7]",-64.45180002675,-64.161261,0.72643969136494,0.314747084399995,-65.94888125,-63.9339718,1.0004603088734,4181.20439206945,4676.65960780227
"373","log_lik[8]",-101.40308845875,-101.15099,0.64633670827077,0.284251485000008,-102.70131,-100.9461095,1.00013647016341,3093.98747499515,3801.69035583564
"374","log_lik[9]",-77.512011599625,-77.2413755,0.694913323524063,0.297703114799998,-78.91947015,-77.0250688,1.00106540700198,3639.1075317717,4203.26371133326
"375","log_lik[10]",-67.752995971375,-67.459286,0.76165040949075,0.329164628099996,-69.30545525,-67.21933235,1.00052861435639,3797.88882153966,4188.47172783843
"376","log_lik[11]",-79.0312719415,-78.7650255,0.702039240804292,0.313778205300002,-80.46799685,-78.53711965,1.00077646992511,3315.46315674891,3796.88674567315
"377","log_lik[12]",-73.7249383955,-73.4466825,0.706549735076207,0.309474958800006,-75.20271115,-73.22212295,1.00149911529731,3333.68705032494,3740.56498215528
"378","log_lik[13]",-69.29496371025,-69.0158765,0.712380519765285,0.316932436800013,-70.72628975,-68.78820345,1.00187574381123,3843.57328236673,4142.55900218333
"379","log_lik[14]",-82.607009326375,-82.3342245,0.713097432939286,0.306058307100004,-84.0246788,-82.11093755,1.0002191752917,3232.1624141884,3976.28046068176
"380","log_lik[15]",-66.11443368025,-65.8413705,0.708205216968385,0.329272116599998,-67.5395567,-65.6012907,1.00108637975513,4034.84423904291,5048.01847463312
"381","log_lik[16]",-64.451561220375,-64.167464,0.735596832264352,0.321581129099996,-65.91440105,-63.9339086,1.00042223296531,4087.93372843884,4203.67848949629
"382","log_lik[17]",-103.06952771125,-102.79591,0.725149190735242,0.305652815999996,-104.4831895,-102.5742595,1.00052726147852,3430.19721666432,3609.64319531454
"383","log_lik[18]",-102.568296955,-102.321515,0.652491439679085,0.305230275000009,-103.876144,-102.1003475,1.00127648491084,3474.88099347371,4452.65762684659
"384","log_lik[19]",-97.014224899625,-96.7539965,0.68752947827788,0.289256742600002,-98.3520452,-96.545179,1.00041818173804,3287.86843557099,3860.64273295092
"385","log_lik[20]",-102.848611265,-102.581725,0.693364263913499,0.293488083000011,-104.1948105,-102.3713095,1.00063106767532,3335.36767553422,3691.28731254997
"386","log_lik[21]",-101.11428496375,-100.852135,0.663879216055611,0.303117570000002,-102.5069265,-100.633359,1.00138727406375,3220.89004792277,3060.4963599832
"387","log_lik[22]",-101.58716164125,-101.34094,0.65732400285642,0.288906849000011,-102.9119775,-101.12806,1.00073473985803,2789.22186343407,3601.88862734688
"388","log_lik[23]",-102.22250234,-101.955455,0.703789491259904,0.320115579000004,-103.633993,-101.7214485,1.00131787512793,3658.41511510316,3913.23681545485
"389","log_lik[24]",-100.96366419625,-100.69039,0.723368512915988,0.296052981000003,-102.3580995,-100.4772595,1.00076009506725,3354.56112751703,3800.07068062901
"390","log_lik[25]",-49.136260122125,-48.8225365,0.80551324536775,0.369142937099997,-50.771763,-48.55264025,1.00073063443678,5746.51387578392,5383.20863487445
"391","log_lik[26]",-100.263982866625,-100.022075,0.631057031012814,0.284393073299998,-101.562564,-99.8149946,1.00102447068332,2987.64106929131,3925.68493076655
"392","log_lik[27]",-102.59546807,-102.33092,0.683167400511646,0.31615703699999,-103.926908,-102.100918,1.00106041486257,3181.46258544089,3572.64894923255
"393","log_lik[28]",-98.656038844625,-98.386671,0.708831792516855,0.304322923800014,-100.028414,-98.1653509,1.00104999602087,3240.22003811472,3675.58125508732
"394","log_lik[29]",-91.3899223475,-91.121808,0.673109551526893,0.288280450500001,-92.8081387,-90.91228045,1.00008838940734,2848.18295577732,3387.16482201952
"395","log_lik[30]",-60.974772465875,-60.6841595,0.758897940000458,0.331179481500002,-62.50704755,-60.44310365,1.00096146757766,4099.75326403836,4415.98100250152
"396","log_lik[31]",-97.06335596925,-96.78358,0.72305348165655,0.328011165300001,-98.54645475,-96.5454499,1.00207326054535,3872.2847625719,4599.26393853773
"397","log_lik[32]",-85.841375962125,-85.5819755,0.665275381288491,0.311847860099998,-87.23994465,-85.3536429,1.00041696486972,3439.28010818579,3930.59824718154
"398","log_lik[33]",-102.72938812125,-102.464375,0.656654273799975,0.297409559999992,-104.091408,-102.249879,1.00036127779525,3105.5423999051,3865.54302818312
"399","log_lik[34]",-3.23019458016625,-2.9434978,1.73627373805912,1.60443717693,-6.53580094,-0.986499842500001,0.999822310616104,14879.866360729,5871.64132136326
"400","log_lik[35]",-101.9654617475,-101.69742,0.6946763758978,0.286972055999986,-103.3217445,-101.4901895,1.00117564239829,3135.66760188101,3993.22837493498
"401","log_lik[36]",-101.41550973375,-101.151975,0.67489426454492,0.284688851999989,-102.735095,-100.9464795,1.00094268356881,3093.10080971701,3568.05780408204
"402","log_lik[37]",-95.78750329775,-95.5276715,0.686921913421035,0.287020240500002,-97.14482655,-95.3193706,1.0006603992389,3206.99715152014,3160.59050247883
"403","log_lik[38]",-98.66676090225,-98.392488,0.737998685888239,0.310635834600003,-100.1016615,-98.16513195,1.00066371237918,2982.11166367116,3144.32324641605
"404","log_lik[39]",-96.806604258375,-96.5518585,0.662942964232556,0.288594761700019,-98.15655675,-96.3411298,1.00093273570615,3309.73593055754,3567.64715534843
"405","log_lik[40]",-102.426148225,-102.147755,0.72129836260861,0.309463098000015,-103.84211,-101.924629,1.00062490845807,3073.91122712709,3067.58869951363
"406","log_lik[41]",-89.671045006625,-89.4149795,0.668921594361363,0.306275507999982,-90.998152,-89.1918307,1.00043603544583,3208.75507225876,3657.03718071633
"407","log_lik[42]",-100.232102649125,-99.9736805,0.682787084950336,0.294935841900001,-101.558678,-99.75857485,0.999981341517814,3046.19655222308,3588.98005820802
"408","log_lik[43]",-100.237861612,-99.971106,0.6786038230962,0.295736445899991,-101.656021,-99.75770665,1.00179163629067,3132.53950692858,3324.79553783257
"409","log_lik[44]",-100.54437089125,-100.291485,0.656258003076033,0.280989764999994,-101.8580025,-100.0887295,1.00265528184162,3218.94910500049,3372.66071977343
"410","log_lik[45]",-97.009684051625,-96.7490565,0.675860279479091,0.284460531600007,-98.34199165,-96.54528955,1.00011703254633,3135.41727090119,3676.47227717164
"411","log_lik[46]",-97.603153357,-97.334361,0.69434403847365,0.303665390699999,-98.98277645,-97.1144706,1.00116144924591,3063.55686735214,3644.22121926243
"412","log_lik[47]",-84.775449496375,-84.519066,0.657350293129061,0.291426527700012,-86.0855461,-84.3081347,1.00060443418259,3276.66549642558,4510.83616560823
"413","log_lik[48]",-95.14463338725,-94.891692,0.694059758595365,0.315160729800009,-96.40892865,-94.6616184,1.00068682448415,2919.19152103252,3314.39608183798
"414","log_lik[49]",-99.99815101375,-99.738328,0.664294289408132,0.293590382399995,-101.4015945,-99.52560585,1.00074195413633,3049.82915910468,3581.82376730237
"415","log_lik[50]",-94.445777180125,-94.193837,0.660567438042418,0.304347386700005,-95.80888255,-93.97336,1.0000515232839,2874.05253543459,3637.01566531417
"416","log_lik[51]",-102.1995130375,-101.93905,0.679182369298294,0.302895180000016,-103.5283605,-101.7210295,1.0010877394159,2962.87187431195,3554.87855162291
"417","log_lik[52]",-100.788791725,-100.514315,0.691577911637733,0.305771424000002,-102.2388125,-100.2920795,1.00100108798419,3432.19203724801,3801.22905776558
"418","log_lik[53]",-101.96026625125,-101.684325,0.703469427911662,0.279885228000002,-103.3960595,-101.4822295,1.00123197765192,3196.80147894473,3645.72358882317
"419","log_lik[54]",-102.711397055,-102.46831,0.642168458897198,0.298632705000001,-103.995192,-102.24973,1.00055953175894,3178.76576866763,4103.19071801404
"420","log_lik[55]",-96.693393249875,-96.4446545,0.63504537191444,0.291866118599998,-97.9902699,-96.2299419,1.00084710871877,3241.63558541127,3706.61600205109
"421","log_lik[56]",-89.532182952375,-89.26038,0.682412607522917,0.304786236300003,-90.9113202,-89.04112085,1.00192216771989,2823.69906270802,3250.8735374185
"422","log_lik[57]",-102.9573053525,-102.692475,0.690380612260384,0.313896072,-104.3228225,-102.465929,1.00238470653641,3087.4961816038,3802.71193063988
"423","log_lik[58]",-62.739763002875,-62.452356,0.751929260685911,0.3304189077,-64.202637,-62.21500035,1.00026034740527,4334.32781843807,5085.60278533548
"424","log_lik[59]",-101.35203534625,-101.092305,0.691093982619192,0.321338724000002,-102.7030515,-100.85877,1.00038026151372,3410.44198217972,3673.28439875108
"425","log_lik[60]",-100.8146102675,-100.5486,0.68849282495461,0.311805606,-102.1978965,-100.3225895,1.00086902835678,3007.87555144,3661.59246459327
"426","log_lik[61]",-67.8735929175,-67.5246945,0.906427592282611,0.420266691599996,-69.63179125,-67.2195766,0.99974237094914,6555.1603664319,5051.20076157851
"427","log_lik[62]",-98.154046118625,-97.881161,0.704661684164225,0.314526176999989,-99.6023529,-97.65439135,1.0012928906372,3688.58201750248,4191.77620127085
"428","log_lik[63]",-87.50776140125,-87.254666,0.665110335389764,0.327185357099979,-88.84245195,-87.01455085,1.00142799389671,3326.46690133114,3874.94026664456
"429","log_lik[64]",-98.115401975125,-97.8573535,0.664019817491065,0.279565727699987,-99.45039225,-97.65410175,1.00130640928018,3295.0007857414,3687.96422701091
"430","log_lik[65]",-76.45401209375,-76.190861,0.685812210890245,0.316800485399999,-77.8297852,-75.96125965,1.00050970702352,3952.66904606465,4679.82940149075
"431","log_lik[66]",-101.67499897,-101.412935,0.667074038602416,0.311338587000009,-103.0385405,-101.187719,1.00108254773738,3140.96612615097,3842.95720266952
"432","log_lik[67]",-92.204392413625,-91.9399565,0.688911716570343,0.294029973299991,-93.5942515,-91.7249635,1.00049119865892,3249.45954318061,3392.41567328617
"433","log_lik[68]",-34.545327891875,-34.210474,0.891594446317732,0.472446057300005,-36.367643,-33.8608988,1.00035804187586,9117.29102800788,6103.55244151619
"434","log_lik[69]",-101.9954710925,-101.721485,0.72769046536792,0.316060667999991,-103.41718,-101.4907985,1.0008912326286,3164.85506010562,3711.38598499184
"435","log_lik[70]",-70.8172752195,-70.541898,0.71330904686816,0.317770847100003,-72.2397107,-70.311303,1.00004517089662,3721.38913501077,4475.9599036944
"436","log_lik[71]",-100.020404525,-99.749135,0.706413244276137,0.311345258700003,-101.421812,-99.5257457,1.00048225883118,2793.77923693568,3328.77333972867
"437","log_lik[72]",-77.77095252625,-77.4986295,0.70428062590741,0.313618825799983,-79.2028569,-77.26946365,1.00067256875441,3433.91752724743,3956.68767002411
"438","log_lik[73]",-102.60775545125,-102.32195,0.739955853390958,0.304429670999976,-104.070712,-102.1006585,1.00175945843521,3417.78656395408,3910.84198809938
"439","log_lik[74]",-80.2531295825,-79.9785955,0.697664527846333,0.294634874100002,-81.6300174,-79.7660198,1.00052557616938,3042.8044676651,3982.73765381322
"440","log_lik[75]",-97.582719814875,-97.326889,0.668929700107786,0.29716418969999,-98.8838078,-97.11407885,1.0007324808145,2788.7808532953,3932.42064885361
"441","log_lik[76]",-69.267346504875,-69.0117525,0.673244366226167,0.306405235499992,-70.6056103,-68.78816245,1.00033239307753,3903.69493033051,4316.64995216129
"442","log_lik[77]",-102.57466367375,-102.301155,0.683904467839539,0.278721386999991,-103.9422155,-102.1004595,1.00083830677864,3397.21404660616,4006.6682754495
"443","log_lik[78]",-100.402455282,-100.13696,0.692162421786329,0.29632948589998,-101.771012,-99.9227705,1.00126991041939,2811.31033012474,2838.0353835654
"444","log_lik[79]",-99.568814644625,-99.316229,0.657457059127397,0.294600033000016,-100.8717285,-99.1007131,1.00161104009387,2904.73804779031,3884.37797565703
"445","log_lik[80]",-103.053508645,-102.787265,0.69073349689888,0.294399881999995,-104.428285,-102.57402,1.00026062400173,3248.05446701416,3913.61357113749
"446","log_lik[81]",-79.127881044625,-78.809433,0.828273053201595,0.374054049600002,-80.82722825,-78.53797165,1.00068240477604,5185.9720024135,4988.0356750559
"447","log_lik[82]",-59.14561019975,-58.856057,0.739916617880044,0.332900780099997,-60.6183777,-58.6149922,1.00006984614529,4418.98689891061,4381.06679666933
"448","log_lik[83]",-87.898169782,-87.596716,0.781764015716714,0.351496290600005,-89.4719201,-87.34048015,1.00037134458872,4526.75505285154,4582.96070556445
"449","log_lik[84]",-96.641086733125,-96.375512,0.69539706473582,0.294645993600027,-98.07110875,-96.16106475,1.00032596792533,3008.52175863456,2966.20609067942
"450","log_lik[85]",-100.54294550375,-100.28737,0.646044485046369,0.278365563000015,-101.8897195,-100.08749,1.0007170519948,2945.17508416048,3068.29066028249
"451","log_lik[86]",-98.112516815,-97.8524405,0.658367028344803,0.277691721299999,-99.3785054,-97.65391765,1.0009278631332,3020.23538950601,3504.55514674452
"452","log_lik[87]",-88.767168907375,-88.500091,0.691053029063899,0.300677951699999,-90.17179775,-88.28271565,1.00152298315494,3261.36382548523,3651.54256015811
"453","log_lik[88]",-66.114005490375,-65.832791,0.725009055922846,0.320587787100002,-67.57753725,-65.60128875,1.00048293331617,3905.05353885739,3793.21778197556
"454","log_lik[89]",-101.43652518125,-101.16402,0.695301975931111,0.30344374199999,-102.801396,-100.9464285,1.00192018997381,2835.25036611944,3420.92215318209
"455","log_lik[90]",-101.70460958,-101.445435,0.678205839204581,0.294496251000004,-103.044059,-101.2322785,1.00054531308216,3345.17331597722,3848.84341137755
"456","log_lik[91]",-84.886161947625,-84.570388,0.815592351641212,0.360311830200018,-86.5499418,-84.3090009,1.00086829590614,4324.74220977253,4583.51712538284
"457","log_lik[92]",-102.94027618375,-102.68958,0.655031226531617,0.308010150000006,-104.2354495,-102.466189,1.0006309933905,3317.16415994007,3714.6672757948
"458","log_lik[93]",-100.7693213775,-100.51312,0.668660027197696,0.304162803000007,-102.1364565,-100.2919795,1.00099694470246,3235.8761882511,3372.75045958594
"459","log_lik[94]",-60.974364706125,-60.690608,0.733667753426811,0.342121810799997,-62.43438945,-60.44306955,1.00073793907423,4203.99663284227,4380.40734668902
"460","log_lik[95]",-97.2217731465,-96.947415,0.702221568645463,0.3172378524,-98.6496424,-96.7170068,1.0003529983313,3725.63669582432,4326.66958491694
"461","log_lik[96]",-88.7702926155,-88.5029245,0.689551059801706,0.302765452500006,-90.08506855,-88.2829906,1.00017038129858,3383.12490223256,4117.35776675839
"462","log_lik[97]",-100.40284691775,-100.13786,0.707190802464685,0.298217576999995,-101.6951995,-99.923011,1.00049961439146,3159.41035107851,4224.89759492392
"463","log_lik[98]",-102.87742247,-102.60589,0.709117915210711,0.32113116,-104.3276045,-102.3715495,1.00026706789842,3207.01409615521,3780.09449537345
"464","log_lik[99]",-81.445925788625,-81.1670215,0.716525123682409,0.290355349200009,-82.83464105,-80.95755365,1.00060877012367,3509.66810656709,3477.95720533875
"465","log_lik[100]",-66.119783246,-65.841363,0.737423642589534,0.332576831999998,-67.5818974,-65.60155845,1.00152986849377,3900.98935148876,4054.4294787658
"466","log_lik[101]",-91.373076512125,-91.11882,0.653928344391883,0.286838621999997,-92.6660118,-90.91214465,1.0018207369222,3084.93988891535,4058.10605886608
"467","log_lik[102]",-85.854134857875,-85.578365,0.72693230175762,0.310387499099998,-87.24167745,-85.3536467,1.00089669425685,3139.4061424987,3285.64536968636
"468","log_lik[103]",-3.2291800594125,-2.9176098,1.80003745079568,1.66012044534,-6.65855235,-0.918452126000003,1.00065159573512,15571.2365560033,5069.00739396406
"469","log_lik[104]",-102.20246590875,-101.93576,0.672585902513506,0.298098969,-103.619779,-101.72107,1.00104460197439,3206.89899797816,3572.87418311786
"470","log_lik[105]",-103.08025026125,-102.80723,0.713302065049964,0.316075493999996,-104.5209505,-102.57456,1.00019285704507,3369.59211756685,3684.67698835934
"471","log_lik[106]",-99.55899018225,-99.248116,0.789044723825658,0.324020006099996,-101.15418,-99.0150686,1.00074248089116,3374.30371588923,3706.37115413511
"472","log_lik[107]",-94.94485805425,-94.6922875,0.665184146547486,0.308621722500011,-96.29112615,-94.4672937,1.0015884497382,3014.6047206463,4112.10756619211
"473","log_lik[108]",-84.7731853865,-84.518562,0.655304093804164,0.29213669310001,-86.1195452,-84.3080986,1.00173736448116,3678.5844946671,3698.51370126748
"474","log_lik[109]",-66.117712382375,-65.8353535,0.731408165063091,0.32286654329999,-67.6276895,-65.60136395,1.00062028462016,3669.88793047179,3995.8556455688
"475","log_lik[110]",-101.4435955575,-101.1799,0.693530218950093,0.32196141600001,-102.8333895,-100.94671,1.00079815098957,3772.37865365674,4672.4786090206
"476","log_lik[111]",-64.44531546375,-64.171179,0.730026901307473,0.322374320099995,-65.8745497,-63.9341481,1.00025535706841,4193.75309488619,4929.76524121854
"477","log_lik[112]",-60.960401648375,-60.690077,0.705590541989719,0.339530226000003,-62.3746685,-60.44297765,1.00089076012851,4526.71031439976,5518.43600759096
"478","log_lik[113]",-103.0842736975,-102.81181,0.706497418982004,0.308862645000014,-104.523847,-102.58773,1.00083449882655,2937.33546203841,3561.39032905329
"479","log_lik[114]",-93.033471764,-92.7499835,0.737942910246042,0.335229944699989,-94.53244335,-92.50551695,1.00011811805749,4304.17414299076,4340.14409857519
"480","log_lik[115]",-102.872169115,-102.599975,0.70339743377869,0.315445389000007,-104.288449,-102.3716795,1.00024558230152,3239.36768033707,3712.63888100139
"481","log_lik[116]",-83.687916261875,-83.4377585,0.637131276690792,0.290849796300004,-84.9858372,-83.22739855,1.00056511519479,3639.99595612966,4191.89633052747
"482","log_lik[117]",-101.693112285,-101.447945,0.634955445154929,0.296008503,-102.987574,-101.232119,1.00036395105726,3200.66532340214,3806.99889167239
"483","log_lik[118]",-98.120108406625,-97.8637385,0.661722718677006,0.2883894216,-99.4442084,-97.6540258,1.0000793204765,3343.70342704263,3993.79859281091
"484","log_lik[119]",-100.39113411975,-100.131735,0.668102476684527,0.288452432099978,-101.7223895,-99.9228079,1.00011593598195,2936.80479224541,3341.24120577461
"485","log_lik[120]",-102.95768002,-102.68563,0.711832915669562,0.303881109000013,-104.378947,-102.4656095,1.00183309518924,3232.79370088144,3215.85210097221
"486","log_lik[121]",-100.41969459775,-100.14136,0.718780337913297,0.3015245163,-101.8083495,-99.92310565,1.00052821741101,3025.83333367468,3004.12065634374
"487","log_lik[122]",-80.24971463325,-79.988974,0.681632389584914,0.305405221799999,-81.6930322,-79.76628085,1.00046023412247,3580.42398216602,4237.59100937728
"488","log_lik[123]",-84.932363386625,-84.6784305,0.655437225231639,0.276855534900003,-86.18745825,-84.47802485,1.00191768535753,3455.78756659964,3778.47259840595
"489","log_lik[124]",-100.03676400725,-99.7584305,0.747119037413885,0.318342389400003,-101.5336285,-99.52615955,1.00058525068292,3788.09335312925,3995.50484776719
"490","log_lik[125]",-57.2741106735,-56.9788585,0.76828321573555,0.3419224011,-58.7822509,-56.729468,1.00074337622054,4248.03076309071,4952.87022266096
"491","log_lik[126]",-92.97556380025,-92.715472,0.686959156338227,0.287336034300016,-94.3141319,-92.50541165,1.00089686332724,3271.94600375392,3462.87322348965
"492","log_lik[127]",-62.917968231375,-62.5563405,0.937793237754774,0.465746187900008,-64.83181115,-62.2159943,1.00006064403797,6744.59445682426,5334.39937578547
"493","log_lik[128]",-59.339561414875,-58.9731825,0.962911056185805,0.4917999177,-61.36413425,-58.6157638,0.999932251106699,8137.8790402904,6065.11332296473
"494","log_lik[129]",-93.757173658,-93.4940535,0.717321644632191,0.322842821700008,-95.17944495,-93.25519955,1.00095889997882,3116.72537562709,3609.92811248709
"495","log_lik[130]",-89.52593223125,-89.269067,0.685658592252717,0.284878624800005,-90.8793325,-89.06201865,1.00140970172987,3083.82298700898,3575.61145108729
"496","log_lik[131]",-82.598510567625,-82.3315745,0.67779147987802,0.303513424200003,-83.9647435,-82.11075165,1.00182299398822,2950.30567599372,3531.99124455564
"497","log_lik[132]",-66.795335037375,-66.5106365,0.742597248012655,0.322077800100011,-68.25981815,-66.276121,1.00012308600699,3909.9956297333,4218.63085894214
"498","log_lik[133]",-80.24009751375,-79.9834635,0.670453599661738,0.299053022099993,-81.59589375,-79.76656945,1.00023203593623,3788.75200177016,4145.99233655852
"499","log_lik[134]",-101.81381951375,-101.55023,0.689325714607473,0.318010286999999,-103.2217425,-101.319089,1.00061049304781,3564.18630551343,3743.94662030556
"500","log_lik[135]",-101.6317525475,-101.366615,0.704942618965483,0.300804713999995,-103.070662,-101.14641,1.00140588614392,3098.08732407223,3328.91102874001
"501","log_lik[136]",-100.007746713875,-99.7355945,0.692852106675334,0.289086243600011,-101.360381,-99.5260877,1.00027255830491,3137.5089045734,3654.97704167228
"502","log_lik[137]",-68.49817145425,-68.221767,0.713351378061621,0.303361457699997,-69.90100955,-68.0020255,1.00085087672433,3405.35891324635,3752.91972240744
"503","log_lik[138]",-101.4592001575,-101.182265,0.744026891296256,0.323762774999992,-102.9170225,-100.94652,1.00061782407238,3450.27298596697,3580.13735804645
"504","log_lik[139]",-102.57426538125,-102.31785,0.684626005482594,0.296660846999986,-103.9582405,-102.1006995,1.00116573259552,3177.73073474958,3412.00951002329
"505","log_lik[140]",-100.024735859125,-99.751582,0.713773573741443,0.308369680499994,-101.4214755,-99.52616085,1.00203476943239,2990.18283213383,3403.05387650321
"506","log_lik[141]",-100.76110514875,-100.504095,0.65490834335314,0.293969928000016,-102.10581,-100.29179,1.00029094329135,3399.08727146203,3773.30469263164
"507","log_lik[142]",-89.66298829575,-89.394939,0.670893881146335,0.282916403699997,-91.0248298,-89.19169385,1.00065629676313,3298.01514746738,3247.51125708249
"508","log_lik[143]",-90.533190268125,-90.2784395,0.663943515185257,0.287259680399998,-91.86128315,-90.06808565,1.00189267193614,2982.00023616714,3390.71481717685
"509","log_lik[144]",-82.305636711125,-82.044043,0.672531213187584,0.289193732100003,-83.6958306,-81.83352765,1.00147095674738,2817.52654693323,3292.82770005085
"510","log_lik[145]",-93.774370866375,-93.4998385,0.726615013158393,0.336682892700008,-95.19830195,-93.2545606,1.00073968955089,3945.25390778469,4445.48096799629
"511","log_lik[146]",-79.139593308875,-78.8144515,0.827871863767922,0.379627143000016,-80.86680415,-78.53809685,0.99998557307519,4775.02842244937,5540.21832524774
"512","log_lik[147]",-91.38250711425,-91.1268305,0.671333717664871,0.292041806700007,-92.7141882,-90.91244605,1.00135912449466,3250.89140709048,3567.48946621126
"513","log_lik[148]",-82.966789572,-82.7117885,0.674061097397199,0.295523692800023,-84.34332165,-82.4977599,1.00102986933124,3115.31486639912,3620.51517689822
"514","log_lik[149]",-101.4196085725,-101.160595,0.684029103344178,0.294896553000005,-102.7585105,-100.94648,1.00086206725181,3200.04783454395,3837.52018669587
"515","log_lik[150]",-102.85962438375,-102.60476,0.6799224483649,0.319240845,-104.220856,-102.3714395,1.00155213615549,3217.54321801158,3837.5582652155
"516","log_lik[151]",-83.41198600125,-83.1504645,0.671080588103466,0.292382063400001,-84.77881015,-82.9385239,1.00039893964873,3355.64884138959,4200.90565219484
"517","log_lik[152]",-102.75157224,-102.467845,0.713073413570124,0.304385192999994,-104.1739885,-102.2492495,1.00142489705447,3289.07571166671,3838.61790332024
"518","log_lik[153]",-103.0751544725,-102.800975,0.683636694808457,0.295623026999993,-104.491101,-102.587519,1.00046554082111,3329.62314325979,3992.38870428157
"519","log_lik[154]",-86.83416226175,-86.5673765,0.678764963249892,0.279583518900005,-88.2079162,-86.36371195,1.00070368912232,3173.51575089162,3404.43865342621
"520","log_lik[155]",-101.43581508875,-101.16055,0.726557537320218,0.292227873000001,-102.806065,-100.9466395,1.00069080009466,3185.16070483113,3340.78631647975
"521","log_lik[156]",-77.767271628625,-77.4870735,0.734304390991204,0.301743199800006,-79.2200241,-77.2692538,1.00014903876493,3208.02949971309,3702.86676462616
"522","log_lik[157]",-101.6857166175,-101.406305,0.718532979915665,0.302828463000005,-103.16721,-101.18723,1.000821282822,2942.74589680671,3837.05983283979
"523","log_lik[158]",-60.9899185335,-60.6967365,0.753757877794368,0.348663042,-62.49606035,-60.44321295,0.999934302637035,4393.7236119131,5276.42398837138
"524","log_lik[159]",-102.9390856875,-102.677045,0.679890059213585,0.288980979000013,-104.3415785,-102.466229,1.00014693194239,3406.92256119756,3917.69273034592
"525","log_lik[160]",-62.740763789125,-62.456389,0.726773549832638,0.335850412800003,-64.23312215,-62.2147919,1.00001081983238,4144.53048719409,4193.25787463315
"526","log_lik[161]",-95.163105909625,-94.8969045,0.693018663069315,0.318249726900006,-96.5815584,-94.6671703,1.00123653776259,3668.22273109731,4095.61183617207
"527","log_lik[162]",-85.82494082675,-85.5609105,0.66628666437863,0.289245623100009,-87.1972037,-85.35311225,1.00019468568799,3279.56613785378,3814.15079106458
"528","log_lik[163]",-101.1154161025,-100.852625,0.690887061690736,0.303028614000005,-102.491993,-100.63312,1.00227394636995,3304.81728011058,3476.7812420129
"529","log_lik[164]",-102.94633263875,-102.6847,0.68894206810562,0.301546014000009,-104.2821265,-102.46591,1.00025208424048,3377.69437868874,4191.84319054536
"530","log_lik[165]",-101.959913485,-101.70899,0.667603990563105,0.300915908999998,-103.351452,-101.49031,1.00052304625449,3134.53774289589,3631.87121742736
"531","log_lik[166]",-101.40402979125,-101.15154,0.642062504649591,0.281960867999997,-102.7267475,-100.9464295,1.00067533688331,3241.42188785593,3709.96318975418
"532","log_lik[167]",-100.37545800225,-100.138545,0.62116005962399,0.294216780899994,-101.6335475,-99.923073,1.0007705951855,3444.95830696176,3766.38767713338
"533","log_lik[168]",-95.810434746375,-95.535635,0.703229742310604,0.301854394799999,-97.1833863,-95.31900185,1.0018564023609,2719.36213715879,3553.76628197224
"534","log_lik[169]",-92.189852215,-91.9320775,0.663752114751834,0.285958698899996,-93.52542625,-91.72430465,1.00055746149977,3601.60570125278,3841.45463382874
"535","log_lik[170]",-73.530218646125,-73.246688,0.755915928183799,0.335492364900001,-74.9752334,-73.00307225,1.00070877360495,3495.99013197509,3966.70148671651
"536","log_lik[171]",-74.116427594375,-73.846538,0.704346856980867,0.326922195600011,-75.526963,-73.6087184,1.00017985945252,3753.87957325981,4125.82338322536
"537","log_lik[172]",-70.05529216425,-69.7743465,0.710241390713197,0.312217768800013,-71.50838675,-69.5474165,1.00051842114226,4303.09079868954,5095.56473014377
"538","log_lik[173]",-102.840147985,-102.584015,0.664454068002259,0.292939520999995,-104.225018,-102.37123,0.999962536376387,3441.23904900914,3539.2886926338
"539","log_lik[174]",-103.08278910625,-102.79708,0.731937629060405,0.30566764199999,-104.5758355,-102.57427,1.00057663389099,3022.0131998062,3969.54539924045
"540","log_lik[175]",-93.635721914125,-93.3836415,0.679986451349509,0.300859570200014,-95.002366,-93.16236875,1.00018671956284,3294.8221563819,3615.37543161413
"541","log_lik[176]",-80.267464925875,-79.985951,0.728370516646385,0.301786936500001,-81.6791206,-79.76664615,1.00090121067191,3243.8347616976,3845.23282525293
"542","log_lik[177]",-102.8366182025,-102.579045,0.656313154362111,0.287609573999999,-104.181899,-102.37112,1.00029451584378,3349.00860535371,3709.12920915439
"543","log_lik[178]",-100.0053207935,-99.7523175,0.662167127906236,0.309013128900002,-101.3501545,-99.52615415,1.00064122072874,3199.37178148362,3643.02805003395
"544","log_lik[179]",-73.728227779625,-73.4541485,0.702301478699039,0.318184492500002,-75.20677145,-73.22226855,1.00129715810301,3723.1706308083,3985.05958330765
"545","log_lik[180]",-102.5924903425,-102.323565,0.70264023313952,0.307187306999998,-103.9826625,-102.10091,1.00166185434311,3170.52621610874,3828.08951006221
"546","log_lik[181]",-102.4127247475,-102.15418,0.680161484025086,0.315274890000005,-103.7802045,-101.924389,1.00175375716797,3499.36150216836,4194.66766119527
